otu;Kingdom;Phylum;Class;Order;Family;Genus;Species
MH860044.1;Eukaryota;Ascomycota;sordariomyceta;Helotiales;Sclerotiniaceae;Botrytis;Botrytis_cinerea
DQ885385.1;Eukaryota;Oomycota;Stramenopiles;Peronosporales;Peronosporaceae;Peronospora;Peronospora_destructor
MH855943.1;Eukaryota;Ascomycota;dothideomyceta;Pleosporales;Didymellaceae;Epicoccum;Epicoccum_nigrum
KU850565.1;Eukaryota;Ascomycota;dothideomyceta;Pleosporales;Pleosporaceae;Stemphylium;Stemphylium_vesicarium
MH856176.1;Eukaryota;Ascomycota;sordariomyceta;Helotiales;Sclerotiniaceae;Botrytis;Botrytis_squamosa
EU049216.1;Eukaryota;Oomycota;Stramenopiles;Peronosporales;Peronosporaceae;Hyaloperonospora;Hyaloperonospora_brassicae
MH854739.1;Eukaryota;Ascomycota;sordariomyceta;Helotiales;Sclerotiniaceae;Botrytis;Botrytis_byssoidea
MH856435.1;Eukaryota;Ascomycota;sordariomyceta;Helotiales;Sclerotiniaceae;Botrytis;Botrytis_porri
JQ936290.1;Eukaryota;Ascomycota;dothideomyceta;Pleosporales;Pleosporaceae;Stemphylium;Stemphylium_solani
KU850546.1;Eukaryota;Ascomycota;dothideomyceta;Pleosporales;Pleosporaceae;Stemphylium;Stemphylium_eturmiunum
KY883819.1;Eukaryota;Ascomycota;dothideomyceta;Pleosporales;Pleosporaceae;Stemphylium;Stemphylium_triglochinicola
GU237762.1;Eukaryota;Ascomycota;dothideomyceta;Pleosporales;Didymellaceae;Paraboeremia;Paraboeremia_selaginellae
MG865574.1;Eukaryota;Oomycota;Stramenopiles;Peronosporales;Peronosporaceae;Phytophthora;Phytophthora_pseudosyringae
KY703619.1;Eukaryota;Ascomycota;dothideomyceta;Pleosporales;Didymellaceae;Epicoccum;Epicoccum_thailandicum
FJ427049.1;Eukaryota;Ascomycota;dothideomyceta;Pleosporales;Didymellaceae;Epicoccum;Epicoccum_pimprinum
MN944491.1;Eukaryota;Ascomycota;sordariomyceta;Helotiales;Sclerotiniaceae;Sclerotinia;Sclerotinia_trifoliorum
KR632862.1;Eukaryota;Oomycota;Stramenopiles;Peronosporales;Peronosporaceae;Phytophthora;Phytophthora_urerae
KC584238.1;Eukaryota;Ascomycota;dothideomyceta;Pleosporales;Pleosporaceae;Stemphylium;Stemphylium_botryosum
LC228670.1;Eukaryota;Ascomycota;sordariomyceta;Helotiales;Sclerotiniaceae;Nervostroma;Nervostroma_depraedans
MH656752.1;Eukaryota;Ascomycota;dothideomyceta;Pleosporales;Didymellaceae;Ascochyta;Ascochyta_herbicola
KY979755.1;Eukaryota;Ascomycota;dothideomyceta;Pleosporales;Didymellaceae;Pseudopeyronellaea;Pseudopeyronellaea_eucalypti
MG386056.1;Eukaryota;Ascomycota;dothideomyceta;Pleosporales;Didymellaceae;Nothophoma;Nothophoma_acaciae
MW633475.1;Eukaryota;Ascomycota;dothideomyceta;Cladosporiales;Cladosporiaceae;Cladosporium;Cladosporium_herbarum
Z99672.1;Eukaryota;Ascomycota;sordariomyceta;Helotiales;Sclerotiniaceae;Sclerotinia;Sclerotinia_tetraspora
GU237890.1;Eukaryota;Ascomycota;dothideomyceta;Pleosporales;Didymellaceae;Stagonosporopsis;Stagonosporopsis_loticola
AY198298.3;Eukaryota;Oomycota;Stramenopiles;Peronosporales;Peronosporaceae;Peronospora;Peronospora_calotheca
MN244198.1;Eukaryota;Ascomycota;dothideomyceta;Pleosporales;Didymellaceae;Xenodidymella;Xenodidymella_camporesii
HQ643956.2;Eukaryota;Oomycota;Stramenopiles;Pythiales;Pythiaceae;Globisporangium;Globisporangium_viniferum
HQ643773.2;Eukaryota;Oomycota;Stramenopiles;Pythiales;Pythiaceae;Elongisporangium;Elongisporangium_senticosum
HQ643408.2;Eukaryota;Oomycota;Stramenopiles;Pythiales;Pythiaceae;Globisporangium;Globisporangium_abappressorium
MT730631.1;Eukaryota;Chytridiomycota;Opisthokonta;Spizellomycetales;Spizellomycetaceae;Gaertneriomyces;Gaertneriomyces_spectabilis
GQ244428.2;Eukaryota;Oomycota;Stramenopiles;Pythiales;Pythiaceae;Globisporangium;Globisporangium_emineosum
KJ707164.1;Eukaryota;Basidiomycota;Opisthokonta;Sporidiobolales;Sporidiobolaceae;Sporobolomyces;Sporobolomyces_roseus
KT600411.1;Eukaryota;Ascomycota;dothideomyceta;Cladosporiales;Cladosporiaceae;Cladosporium;Cladosporium_aciculare
MG865593.1;Eukaryota;Oomycota;Stramenopiles;Peronosporales;Peronosporaceae;Phytophthora;Phytophthora_thermophila
EU882732.1;Eukaryota;Ascomycota;sordariomyceta;Helotiales;Mollisiaceae;Acephala;Acephala_macrosclerotiorum
MG865548.1;Eukaryota;Oomycota;Stramenopiles;Peronosporales;Peronosporaceae;Phytophthora;Phytophthora_nemorosa
MG865566.1;Eukaryota;Oomycota;Stramenopiles;Peronosporales;Peronosporaceae;Phytophthora;Phytophthora_pinifolia
HQ643671.2;Eukaryota;Oomycota;Stramenopiles;Pythiales;Pythiaceae;Pythium;Pythium_kashmirense
HQ643681.2;Eukaryota;Oomycota;Stramenopiles;Pythiales;Pythiaceae;Globisporangium;Globisporangium_lucens
EU049205.1;Eukaryota;Oomycota;Stramenopiles;Peronosporales;Peronosporaceae;Hyaloperonospora;Hyaloperonospora_parasitica
MK394004.1;Eukaryota;Oomycota;Stramenopiles;Peronosporales;Peronosporaceae;Peronospora;Peronospora_variabilis
AY211016.1;Eukaryota;Oomycota;Stramenopiles;Peronosporales;Peronosporaceae;Peronospora;Peronospora_corydalis
AY198300.3;Eukaryota;Oomycota;Stramenopiles;Peronosporales;Peronosporaceae;Peronospora;Peronospora_aparines
MT730745.1;Eukaryota;Chytridiomycota;Opisthokonta;Spizellomycetales;Powellomycetaceae;Geranomyces;Geranomyces_michiganensis
MH862963.1;Eukaryota;Ascomycota;dothideomyceta;Pleosporales;Didymellaceae;Heterophoma;Heterophoma_adonidis
KJ443356.1;Eukaryota;Ascomycota;dothideomyceta;Pleosporales;Didymellaceae;Phoma;Phoma_commelinicola
MG865576.1;Eukaryota;Oomycota;Stramenopiles;Peronosporales;Peronosporaceae;Phytophthora;Phytophthora_psychrophila
KY970066.1;Eukaryota;Ascomycota;sordariomyceta;Helotiales;unidentified;Patellariopsis;Patellariopsis_atrovinosa
MK876378.1;Eukaryota;Ascomycota;dothideomyceta;Pleosporales;Didymellaceae;Calophoma;Calophoma_sandfjordenica
GU237837.1;Eukaryota;Ascomycota;dothideomyceta;Pleosporales;Didymellaceae;Vacuiphoma;Vacuiphoma_bulgarica
HQ643444.1;Eukaryota;Oomycota;Stramenopiles;Pythiales;Pythiaceae;Pythium;Pythium_apleroticum
JQ897481.1;Eukaryota;Ascomycota;dothideomyceta;Pleosporales;Didymellaceae;Stagonosporopsis;Stagonosporopsis_tanaceti
MW599272.1;Eukaryota;Oomycota;Stramenopiles;Peronosporales;Peronosporaceae;Peronospora;Peronospora_myosuri
MG518642.1;Eukaryota;Oomycota;Stramenopiles;Peronosporales;Peronosporaceae;Phytophthora;Phytophthora_acerina
AY364838.1;Eukaryota;Basidiomycota;Opisthokonta;Sporidiobolales;Sporidiobolaceae;Sporobolomyces;Sporobolomyces_jilinensis
MH730801.1;Eukaryota;Oomycota;Stramenopiles;Peronosporales;Peronosporaceae;Peronospora;Peronospora_argemones
JN906978.1;Eukaryota;Ascomycota;dothideomyceta;Cladosporiales;Cladosporiaceae;Cladosporium;Cladosporium_aphidis
LT592939.1;Eukaryota;Ascomycota;dothideomyceta;Pleosporales;Didymellaceae;Nothophoma;Nothophoma_variabilis
MH730805.1;Eukaryota;Oomycota;Stramenopiles;Peronosporales;Peronosporaceae;Peronospora;Peronospora_ranunculi
GU237714.1;Eukaryota;Ascomycota;dothideomyceta;Pleosporales;Didymellaceae;Stagonosporopsis;Stagonosporopsis_andigena
AF347031.1;Eukaryota;Ascomycota;dothideomyceta;Pleosporales;Pleosporaceae;Alternaria;Alternaria_alternata
MH730799.1;Eukaryota;Oomycota;Stramenopiles;Peronosporales;Peronosporaceae;Peronospora;Peronospora_cyparissiae
MH327825.1;Eukaryota;Ascomycota;dothideomyceta;Pleosporales;Didymellaceae;Didymella;Didymella_cari
GU237731.1;Eukaryota;Ascomycota;dothideomyceta;Pleosporales;Didymellaceae;Epicoccum;Epicoccum_henningsii
GU237792.1;Eukaryota;Ascomycota;dothideomyceta;Pleosporales;Didymellaceae;Stagonosporopsis;Stagonosporopsis_astragali
FN428895.1;Eukaryota;Basidiomycota;Opisthokonta;Cystobasidiales;unidentified;Occultifur;Occultifur_aff._externus_IMUFRJ_52018
KJ941072.1;Eukaryota;Ascomycota;sordariomyceta;Helotiales;Sclerotiniaceae;Myriosclerotinia;Myriosclerotinia_curreyana
OL539743.1;Eukaryota;Ascomycota;sordariomyceta;Helotiales;unidentified;Amylocarpus;Amylocarpus_encephaloides
MW138779.1;Eukaryota;Ascomycota;sordariomyceta;Helotiales;Sclerotiniaceae;Sclerotinia;Sclerotinia_sclerotiorum
MG865476.1;Eukaryota;Oomycota;Stramenopiles;Peronosporales;Peronosporaceae;Phytophthora;Phytophthora_citrophthora
MH730809.1;Eukaryota;Oomycota;Stramenopiles;Peronosporales;Peronosporaceae;Peronospora;Peronospora_meconopsidis
FJ427003.1;Eukaryota;Ascomycota;dothideomyceta;Pleosporales;Didymellaceae;Didymella;Didymella_gardeniae
HQ643739.2;Eukaryota;Oomycota;Stramenopiles;Pythiales;Pythiaceae;Pythium;Pythium_pectinolyticum
MG865511.1;Eukaryota;Oomycota;Stramenopiles;Peronosporales;Peronosporaceae;Phytophthora;Phytophthora_ilicis
KU306729.1;Eukaryota;Ascomycota;sordariomyceta;Helotiales;Sclerotiniaceae;Valdensinia;Valdensinia_heterodoxa
MG865509.1;Eukaryota;Oomycota;Stramenopiles;Peronosporales;Peronosporaceae;Phytophthora;Phytophthora_idaei
KF156010.1;Eukaryota;Ascomycota;dothideomyceta;Pleosporales;Pleosporaceae;Paradendryphiella;Paradendryphiella_arenariae
MG865575.1;Eukaryota;Oomycota;Stramenopiles;Peronosporales;Peronosporaceae;Phytophthora;Phytophthora_pseudotsugae
HQ643443.2;Eukaryota;Oomycota;Stramenopiles;Pythiales;Pythiaceae;Pythium;Pythium_apiculatum
MG865596.1;Eukaryota;Oomycota;Stramenopiles;Peronosporales;Peronosporaceae;Phytophthora;Phytophthora_tropicalis
HQ643396.2;Eukaryota;Oomycota;Stramenopiles;Pythiales;Pythiaceae;Phytopythium;Phytopythium_sindhum
MG865599.1;Eukaryota;Oomycota;Stramenopiles;Peronosporales;Peronosporaceae;Phytophthora;Phytophthora_x_serendipita
KJ131184.1;Eukaryota;Ascomycota;sordariomyceta;Helotiales;Sclerotiniaceae;Monilinia;Monilinia_fructicola
MG865580.1;Eukaryota;Oomycota;Stramenopiles;Peronosporales;Peronosporaceae;Phytophthora;Phytophthora_quininea
MG564165.1;Eukaryota;Ascomycota;dothideomyceta;Pleosporales;Didymellaceae;Neodidymelliopsis;Neodidymelliopsis_negundinis
MG865559.1;Eukaryota;Oomycota;Stramenopiles;Peronosporales;Peronosporaceae;Phytophthora;Phytophthora_palmivora
MG865484.1;Eukaryota;Oomycota;Stramenopiles;Peronosporales;Peronosporaceae;Phytophthora;Phytophthora_drechsleri
MN784447.1;Eukaryota;Oomycota;Stramenopiles;Peronosporales;Peronosporaceae;Peronospora;Peronospora_viciae
MN688821.1;Eukaryota;Ascomycota;dothideomyceta;Pleosporales;Pleosporaceae;Curvularia;Curvularia_pseudoprotuberata
KR873250.1;Eukaryota;Ascomycota;dothideomyceta;Pleosporales;Phaeosphaeriaceae;Septoriella;Septoriella_oudemansii
HQ643546.1;Eukaryota;Oomycota;Stramenopiles;Pythiales;Pythiaceae;Pythium;Pythium_grandisporangium
MK995628.1;Eukaryota;Ascomycota;dothideomyceta;Pleosporales;Pleosporaceae;Curvularia;Curvularia_verruculosa
GU237761.1;Eukaryota;Ascomycota;dothideomyceta;Pleosporales;Didymellaceae;Neodidymelliopsis;Neodidymelliopsis_cannabis
MG865519.1;Eukaryota;Oomycota;Stramenopiles;Peronosporales;Peronosporaceae;Phytophthora;Phytophthora_iranica
AF222850.1;Eukaryota;Ascomycota;dothideomyceta;Mycosphaerellales;Mycosphaerellaceae;Mycosphaerella;Mycosphaerella_asteroma
KP170659.1;Eukaryota;Ascomycota;dothideomyceta;Pleosporales;Leptosphaeriaceae;Sphaerellopsis;Sphaerellopsis_macroconidialis
MH730803.1;Eukaryota;Oomycota;Stramenopiles;Peronosporales;Peronosporaceae;Peronospora;Peronospora_hiemalis
LT592936.1;Eukaryota;Ascomycota;dothideomyceta;Pleosporales;Didymellaceae;Remotididymella;Remotididymella_anthropophila
HQ643388.2;Eukaryota;Oomycota;Stramenopiles;Pythiales;Pythiaceae;Phytopythium;Phytopythium_megacarpum
AY198246.3;Eukaryota;Oomycota;Stramenopiles;Peronosporales;Peronosporaceae;Peronospora;Peronospora_conglomerata
KF777149.1;Eukaryota;Ascomycota;dothideomyceta;Pleosporales;Didymellaceae;Nothophoma;Nothophoma_prosopidis
KC986958.1;Eukaryota;Ascomycota;dothideomyceta;Pleosporales;Pleosporaceae;Paradendryphiella;Paradendryphiella_salina
HQ643721.2;Eukaryota;Oomycota;Stramenopiles;Pythiales;Pythiaceae;Globisporangium;Globisporangium_ornacarpum
JN865210.1;Eukaryota;Ascomycota;dothideomyceta;Tubeufiales;Tubeufiaceae;Chlamydotubeufia;Chlamydotubeufia_huaikangplaensis
MG865586.1;Eukaryota;Oomycota;Stramenopiles;Peronosporales;Peronosporaceae;Phytophthora;Phytophthora_siskiyouensis
MT731015.1;Eukaryota;Chytridiomycota;Opisthokonta;Chytridiales;Chytriomycetaceae;Chytriomyces;Chytriomyces_hyalinus
MT730940.1;Eukaryota;Chytridiomycota;Opisthokonta;Spizellomycetales;Powellomycetaceae;Geranomyces;Geranomyces_variabilis
JN712454.1;Eukaryota;Ascomycota;dothideomyceta;Pleosporales;Didymosphaeriaceae;Verrucoconiothyrium;Verrucoconiothyrium_nitidae
MK894584.1;Eukaryota;Ascomycota;sordariomyceta;Helotiales;Sclerotiniaceae;Stromatinia;Stromatinia_cepivora
OL652617.1;Eukaryota;Basidiomycota;Opisthokonta;Cantharellales;Ceratobasidiaceae;Rhizoctonia;Rhizoctonia_rubi
GU237833.1;Eukaryota;Ascomycota;dothideomyceta;Pleosporales;Didymellaceae;Didymella;Didymella_arachidicola
MG783381.1;Eukaryota;Oomycota;Stramenopiles;Peronosporales;Peronosporaceae;Phytophthora;Phytophthora_bisheria
MG865488.1;Eukaryota;Oomycota;Stramenopiles;Peronosporales;Peronosporaceae;Phytophthora;Phytophthora_europaea
GU237734.1;Eukaryota;Ascomycota;dothideomyceta;Pleosporales;Didymellaceae;Stagonosporopsis;Stagonosporopsis_actaeae
MH730806.1;Eukaryota;Oomycota;Stramenopiles;Peronosporales;Peronosporaceae;Peronospora;Peronospora_ranunculi-sardoi
KY905674.1;Eukaryota;Ascomycota;dothideomyceta;Pleosporales;Pleosporaceae;Bipolaris;Bipolaris_saccharicola
MH298851.1;Eukaryota;Ascomycota;sordariomyceta;Helotiales;Sclerotiniaceae;Scleromitrula;Scleromitrula_shiraiana
HQ643137.1;Eukaryota;Oomycota;Stramenopiles;Saprolegniales;Saprolegniaceae;Leptolegnia;Leptolegnia_caudata
KY995559.1;Eukaryota;Ascomycota;dothideomyceta;Pleosporales;unidentified;Cryptocoryneum;Cryptocoryneum_condensatum
HQ643522.1;Eukaryota;Oomycota;Stramenopiles;Pythiales;Pythiaceae;Pythium;Pythium_deliense
MG865466.1;Eukaryota;Oomycota;Stramenopiles;Peronosporales;Peronosporaceae;Phytophthora;Phytophthora_capensis
MH862427.1;Eukaryota;Ascomycota;dothideomyceta;Pleosporales;Pleosporaceae;Exserohilum;Exserohilum_antillanum
HQ643518.2;Eukaryota;Oomycota;Stramenopiles;Pythiales;Pythiaceae;Globisporangium;Globisporangium_cystogenes
MK496523.1;Eukaryota;Oomycota;Stramenopiles;Peronosporales;Peronosporaceae;Phytophthora;Phytophthora_x_pelgrandis
MW915648.1;Eukaryota;Ascomycota;sordariomyceta;Helotiales;Sclerotiniaceae;Schroeteria;Schroeteria_poeltii
GU237775.1;Eukaryota;Ascomycota;dothideomyceta;Pleosporales;Didymellaceae;Didymella;Didymella_chenopodii
FJ266483.1;Eukaryota;Ascomycota;dothideomyceta;Pleosporales;Pleosporaceae;Alternaria;Alternaria_cucurbitae
MH101502.1;Eukaryota;Ascomycota;sordariomyceta;Helotiales;Sclerotiniaceae;Septotinia;Septotinia_podophyllina
MH730800.1;Eukaryota;Oomycota;Stramenopiles;Peronosporales;Peronosporaceae;Peronospora;Peronospora_esulae
MG865520.1;Eukaryota;Oomycota;Stramenopiles;Peronosporales;Peronosporaceae;Phytophthora;Phytophthora_irrigata
MG865527.1;Eukaryota;Oomycota;Stramenopiles;Peronosporales;Peronosporaceae;Phytophthora;Phytophthora_macilentosa
AY198293.3;Eukaryota;Oomycota;Stramenopiles;Peronosporales;Peronosporaceae;Peronospora;Peronospora_valerianellae
HQ643126.1;Eukaryota;Oomycota;Stramenopiles;Leptomitales;unidentified;Apodachlya;Apodachlya_minima
DQ202520.1;Eukaryota;Ascomycota;sordariomyceta;Helotiales;Mollisiaceae;Variocladium;Variocladium_giganteum
MG865499.1;Eukaryota;Oomycota;Stramenopiles;Peronosporales;Peronosporaceae;Phytophthora;Phytophthora_gibbosa
MK163944.1;Eukaryota;Oomycota;Stramenopiles;Peronosporales;Peronosporaceae;Phytophthora;Phytophthora_abietivora
MG865523.1;Eukaryota;Oomycota;Stramenopiles;Peronosporales;Peronosporaceae;Phytophthora;Phytophthora_lilii
MG865525.1;Eukaryota;Oomycota;Stramenopiles;Peronosporales;Peronosporaceae;Phytophthora;Phytophthora_litchii
HE792904.1;Eukaryota;Ascomycota;dothideomyceta;Pleosporales;Pleosporaceae;Curvularia;Curvularia_spicifera
MT554398.1;Eukaryota;Oomycota;Stramenopiles;Peronosporales;Peronosporaceae;Peronospora;Peronospora_aquilegiicola
GU237795.1;Eukaryota;Ascomycota;dothideomyceta;Pleosporales;Didymellaceae;Epicoccum;Epicoccum_draconis
AY552328.1;Eukaryota;Basidiomycota;Opisthokonta;Sporidiobolales;Sporidiobolaceae;Sporobolomyces;Sporobolomyces_patagonicus
KY742078.1;Eukaryota;Ascomycota;dothideomyceta;Pleosporales;Didymellaceae;Didymella;Didymella_ocimicola
KY986679.1;Eukaryota;Oomycota;Stramenopiles;Peronosporales;Peronosporaceae;Peronospora;Peronospora_erucastri
KU821452.1;Eukaryota;Ascomycota;dothideomyceta;Cladosporiales;Cladosporiaceae;Cladosporium;Cladosporium_tenuissimum
HQ643757.2;Eukaryota;Oomycota;Stramenopiles;Pythiales;Pythiaceae;Pythium;Pythium_rhizo-oryzae
EU346864.1;Eukaryota;Ascomycota;dothideomyceta;Pleosporales;unidentified;Phaeomycocentrospora;Phaeomycocentrospora_cantuariensis
HQ643690.1;Eukaryota;Oomycota;Stramenopiles;Pythiales;Pythiaceae;Globisporangium;Globisporangium_marsipium
MG865544.1;Eukaryota;Oomycota;Stramenopiles;Peronosporales;Peronosporaceae;Phytophthora;Phytophthora_multivesiculata
MH730811.1;Eukaryota;Oomycota;Stramenopiles;Peronosporales;Peronosporaceae;Peronospora;Peronospora_alpicola
GU237901.1;Eukaryota;Ascomycota;dothideomyceta;Pleosporales;Didymellaceae;Stagonosporopsis;Stagonosporopsis_oculi-hominis
MK473407.1;Eukaryota;Ascomycota;saccharomyceta;Orbiliales;Orbiliaceae;Orbilia;Orbilia_ovalis
EU040243.2;Eukaryota;Ascomycota;dothideomyceta;Cladosporiales;Cladosporiaceae;Toxicocladosporium;Toxicocladosporium_irritans
AY198301.3;Eukaryota;Oomycota;Stramenopiles;Peronosporales;Peronosporaceae;Peronospora;Peronospora_sherardiae
MG865504.1;Eukaryota;Oomycota;Stramenopiles;Peronosporales;Peronosporaceae;Phytophthora;Phytophthora_hedraiandra
EU019250.2;Eukaryota;Ascomycota;dothideomyceta;Mycosphaerellales;Teratosphaeriaceae;Stenella;Stenella_araguata
GU237794.1;Eukaryota;Ascomycota;dothideomyceta;Pleosporales;Didymellaceae;Didymella;Didymella_exigua
EU049217.1;Eukaryota;Oomycota;Stramenopiles;Peronosporales;Peronosporaceae;Hyaloperonospora;Hyaloperonospora_camelinae
GU237903.1;Eukaryota;Ascomycota;dothideomyceta;Pleosporales;Didymellaceae;Stagonosporopsis;Stagonosporopsis_crystalliniformis
JQ031179.1;Eukaryota;Oomycota;Stramenopiles;Peronosporales;Peronosporaceae;Peronospora;Peronospora_violacea
MG865508.1;Eukaryota;Oomycota;Stramenopiles;Peronosporales;Peronosporaceae;Phytophthora;Phytophthora_hydrogena
MT185530.1;Eukaryota;Ascomycota;sordariomyceta;Helotiales;Dermateaceae;Neodermea;Neodermea_rossica
AY198240.3;Eukaryota;Oomycota;Stramenopiles;Peronosporales;Peronosporaceae;Peronospora;Peronospora_violae
OL436938.1;Eukaryota;Basidiomycota;Opisthokonta;Hymenochaetales;unidentified;Trichaptum;Trichaptum_abietinum
OM778769.1;Eukaryota;Ascomycota;dothideomyceta;Pleosporales;Pleosporaceae;Exserohilum;Exserohilum_turcicum
DQ641238.1;Eukaryota;Ascomycota;CUG-Ser1 clade;Saccharomycetales;Metschnikowiaceae;Metschnikowia;Metschnikowia_continentalis
MH414905.1;Eukaryota;Ascomycota;dothideomyceta;Pleosporales;Pleosporaceae;Curvularia;Curvularia_petersonii
KU850647.1;Eukaryota;Ascomycota;dothideomyceta;Pleosporales;Pleosporaceae;Stemphylium;Stemphylium_trifolii
HQ643544.1;Eukaryota;Oomycota;Stramenopiles;Pythiales;Pythiaceae;Globisporangium;Globisporangium_glomeratum
KM265189.1;Eukaryota;Ascomycota;sordariomyceta;Helotiales;Sclerotiniaceae;Sclerotinia;Sclerotinia_nivalis
DQ641243.1;Eukaryota;Ascomycota;CUG-Ser1 clade;Saccharomycetales;Metschnikowiaceae;Metschnikowia;Metschnikowia_borealis
MG865569.1;Eukaryota;Oomycota;Stramenopiles;Peronosporales;Peronosporaceae;Phytophthora;Phytophthora_porri
MN973540.1;Eukaryota;Ascomycota;dothideomyceta;Pleosporales;Didymellaceae;Didymella;Didymella_subrosea
GU237764.1;Eukaryota;Ascomycota;dothideomyceta;Pleosporales;Didymellaceae;Chaetasbolisia;Chaetasbolisia_eupatorii
HQ643570.1;Eukaryota;Oomycota;Stramenopiles;Pythiales;Pythiaceae;Pythium;Pythium_insidiosum
MG865558.1;Eukaryota;Oomycota;Stramenopiles;Peronosporales;Peronosporaceae;Phytophthora;Phytophthora_pachypleura
MG865518.1;Eukaryota;Oomycota;Stramenopiles;Peronosporales;Peronosporaceae;Phytophthora;Phytophthora_ipomoeae
MN973459.1;Eukaryota;Ascomycota;dothideomyceta;Pleosporales;Didymellaceae;Stagonosporopsis;Stagonosporopsis_sambucella
HQ643515.2;Eukaryota;Oomycota;Stramenopiles;Pythiales;Pythiaceae;Globisporangium;Globisporangium_cryptoirregulare
MG865485.1;Eukaryota;Oomycota;Stramenopiles;Peronosporales;Peronosporaceae;Phytophthora;Phytophthora_elongata
HQ643973.1;Eukaryota;Oomycota;Stramenopiles;Pythiales;Pythiaceae;Pythium;Pythium_zingiberis
MG865534.1;Eukaryota;Oomycota;Stramenopiles;Peronosporales;Peronosporaceae;Phytophthora;Phytophthora_megakarya
JQ031190.1;Eukaryota;Oomycota;Stramenopiles;Peronosporales;Peronosporaceae;Peronospora;Peronospora_stigmaticola
MW599273.1;Eukaryota;Oomycota;Stramenopiles;Peronosporales;Peronosporaceae;Peronospora;Peronospora_eranthidis
MG865568.1;Eukaryota;Oomycota;Stramenopiles;Peronosporales;Peronosporaceae;Phytophthora;Phytophthora_plurivora
EU520073.1;Eukaryota;Ascomycota;sordariomyceta;Helotiales;Sclerotiniaceae;Monilia;Monilia_fructigena
KX982704.1;Eukaryota;Ascomycota;sordariomyceta;Helotiales;Sclerotiniaceae;Monilinia;Monilinia_polystroma
LT158431.1;Eukaryota;Ascomycota;sordariomyceta;Helotiales;Rutstroemiaceae;Rutstroemia;Rutstroemia_luteovirescens
MH730802.1;Eukaryota;Oomycota;Stramenopiles;Peronosporales;Peronosporaceae;Peronospora;Peronospora_arborescens
AF141170.1;Eukaryota;Ascomycota;sordariomyceta;Helotiales;Dermateaceae;Pezicula;Pezicula_aurantiaca
MG865589.1;Eukaryota;Oomycota;Stramenopiles;Peronosporales;Peronosporaceae;Phytophthora;Phytophthora_stricta
MH856859.1;Eukaryota;Ascomycota;sordariomyceta;Helotiales;Rutstroemiaceae;Lambertella;Lambertella_tubulosa
MH730810.1;Eukaryota;Oomycota;Stramenopiles;Peronosporales;Peronosporaceae;Peronospora;Peronospora_pulveracea
HQ643373.2;Eukaryota;Oomycota;Stramenopiles;Pythiales;Pythiaceae;Phytopythium;Phytopythium_carbonicum
MT074263.1;Eukaryota;Oomycota;Stramenopiles;Peronosporales;Peronosporaceae;Phytophthora;Phytophthora_theobromicola
HQ643427.1;Eukaryota;Oomycota;Stramenopiles;Pythiales;Pythiaceae;Globisporangium;Globisporangium_aff._perplexum
MK212930.1;Eukaryota;Oomycota;Stramenopiles;Peronosporales;Peronosporaceae;Peronospora;Peronospora_bulbocapni
MH856898.1;Eukaryota;Ascomycota;sordariomyceta;Helotiales;Dermateaceae;Pezicula;Pezicula_cinnamomea
KP278161.1;Eukaryota;Ascomycota;sordariomyceta;Helotiales;unidentified;Leptodophora;Leptodophora_orchidicola
HQ643540.1;Eukaryota;Oomycota;Stramenopiles;Pythiales;Pythiaceae;Pythium;Pythium_folliculosum
MT210487.1;Eukaryota;Oomycota;Stramenopiles;Peronosporales;Peronosporaceae;Phytophthora;Phytophthora_kelmanii
KX037028.1;Eukaryota;Ascomycota;dothideomyceta;Pleosporales;Leptosphaeriaceae;Plenodomus;Plenodomus_biglobosus
MG865475.1;Eukaryota;Oomycota;Stramenopiles;Peronosporales;Peronosporaceae;Phytophthora;Phytophthora_citricola
MH753702.1;Eukaryota;Basidiomycota;Opisthokonta;Sporidiobolales;Sporidiobolaceae;Rhodotorula;Rhodotorula_diobovata
MH461124.1;Eukaryota;Ascomycota;dothideomyceta;Pleosporales;Tzeananiaceae;Tzeanania;Tzeanania_taiwanensis
KC529657.1;Eukaryota;Oomycota;Stramenopiles;Peronosporales;Peronosporaceae;Phytophthora;Phytophthora_pluvialis
HQ643750.1;Eukaryota;Oomycota;Stramenopiles;Pythiales;Pythiaceae;Pythium;Pythium_plurisporium
MG865578.1;Eukaryota;Oomycota;Stramenopiles;Peronosporales;Peronosporaceae;Phytophthora;Phytophthora_quercina
HE792942.1;Eukaryota;Ascomycota;dothideomyceta;Pleosporales;Pleosporaceae;Bipolaris;Bipolaris_yamadae
AY211019.1;Eukaryota;Oomycota;Stramenopiles;Peronosporales;Peronosporaceae;Peronospora;Peronospora_manshurica
DQ825985.1;Eukaryota;Ascomycota;sordariomyceta;Glomerellales;Plectosphaerellaceae;Gibellulopsis;Gibellulopsis_serrae
KX247599.1;Eukaryota;Oomycota;Stramenopiles;Peronosporales;Peronosporaceae;Phytophthora;Phytophthora_alticola
Z99694.1;Eukaryota;Ascomycota;sordariomyceta;Helotiales;Sclerotiniaceae;Myriosclerotinia;Myriosclerotinia_caricis-ampullaceae
HQ643699.1;Eukaryota;Oomycota;Stramenopiles;Pythiales;Pythiaceae;Pythium;Pythium_monospermum
KT389549.1;Eukaryota;Ascomycota;dothideomyceta;Pleosporales;Didymellaceae;Xenodidymella;Xenodidymella_asphodeli
KP330867.1;Eukaryota;Oomycota;Stramenopiles;Peronosporales;Peronosporaceae;Peronospora;Peronospora_boni-henrici
MW489556.1;Eukaryota;Ascomycota;sordariomyceta;Helotiales;Sclerotiniaceae;Elliottinia;Elliottinia_kerneri
MZ531891.1;Eukaryota;Ascomycota;dothideomyceta;Cladosporiales;Cladosporiaceae;Cladosporium;Cladosporium_cladosporioides
HQ643772.2;Eukaryota;Oomycota;Stramenopiles;Pythiales;Pythiaceae;Globisporangium;Globisporangium_segnitium
HQ643391.1;Eukaryota;Oomycota;Stramenopiles;Pythiales;Pythiaceae;Phytopythium;Phytopythium_montanum
MG865594.1;Eukaryota;Oomycota;Stramenopiles;Peronosporales;Peronosporaceae;Phytophthora;Phytophthora_trifolii
EU040211.1;Eukaryota;Ascomycota;dothideomyceta;Pleosporales;Pleosporaceae;Alternaria;Alternaria_thalictrigena
HG931724.1;Eukaryota;Ascomycota;dothideomyceta;Pleosporales;Pleosporaceae;Stemphylium;Stemphylium_globuliferum
MG865565.1;Eukaryota;Oomycota;Stramenopiles;Peronosporales;Peronosporaceae;Phytophthora;Phytophthora_pini
MG865516.1;Eukaryota;Oomycota;Stramenopiles;Peronosporales;Peronosporaceae;Phytophthora;Phytophthora_inundata
FJ426989.1;Eukaryota;Ascomycota;dothideomyceta;Pleosporales;Didymellaceae;Calophoma;Calophoma_clematidina
MT730659.1;Eukaryota;Chytridiomycota;Opisthokonta;Cladochytriales;Nowakowskiellaceae;Nowakowskiella;Nowakowskiella_elegans
AY015439.1;Eukaryota;Basidiomycota;Opisthokonta;Sporidiobolales;Sporidiobolaceae;Sporobolomyces;Sporobolomyces_ruberrimus
JF812154.1;Eukaryota;Ascomycota;dothideomyceta;Pleosporales;Pleosporaceae;Curvularia;Curvularia_malina
MG865590.1;Eukaryota;Oomycota;Stramenopiles;Peronosporales;Peronosporaceae;Phytophthora;Phytophthora_syringae
KX982694.1;Eukaryota;Ascomycota;sordariomyceta;Helotiales;Sclerotiniaceae;Monilinia;Monilinia_baccarum
KF545324.1;Eukaryota;Ascomycota;sordariomyceta;Helotiales;Sclerotiniaceae;Ciboria;Ciboria_cistophila
LT990647.1;Eukaryota;Ascomycota;dothideomyceta;Pleosporales;Pleosporaceae;Dichotomophthora;Dichotomophthora_lutea
MG783373.1;Eukaryota;Oomycota;Stramenopiles;Peronosporales;Peronosporaceae;Phytophthora;Phytophthora_amaranthi
MF472945.1;Eukaryota;Ascomycota;dothideomyceta;Cladosporiales;Cladosporiaceae;Cladosporium;Cladosporium_coloradense
GU189413.1;Eukaryota;Oomycota;Stramenopiles;Peronosporales;Peronosporaceae;Hyaloperonospora;Hyaloperonospora_norvegica
MT730833.1;Eukaryota;Chytridiomycota;Opisthokonta;Chytridiales;Chytriomycetaceae;Rhizoclosmatium;Rhizoclosmatium_pessaminum
MG865473.1;Eukaryota;Oomycota;Stramenopiles;Peronosporales;Peronosporaceae;Phytophthora;Phytophthora_cinnamomi
MG865471.1;Eukaryota;Oomycota;Stramenopiles;Peronosporales;Peronosporaceae;Phytophthora;Phytophthora_chlamydospora
LT158432.1;Eukaryota;Ascomycota;sordariomyceta;Helotiales;Rutstroemiaceae;Rutstroemia;Rutstroemia_bolaris
HQ643854.2;Eukaryota;Oomycota;Stramenopiles;Pythiales;Pythiaceae;Globisporangium;Globisporangium_takayamanum
MH730817.1;Eukaryota;Oomycota;Stramenopiles;Peronosporales;Peronosporaceae;Peronospora;Peronospora_chrysosplenii
MK442607.1;Eukaryota;Ascomycota;dothideomyceta;Pleosporales;Thyridariaceae;Pararoussoella;Pararoussoella_juglandicola
MG865585.1;Eukaryota;Oomycota;Stramenopiles;Peronosporales;Peronosporaceae;Phytophthora;Phytophthora_sansomeana
MG865567.1;Eukaryota;Oomycota;Stramenopiles;Peronosporales;Peronosporaceae;Phytophthora;Phytophthora_pisi
AY762619.1;Eukaryota;Ascomycota;sordariomyceta;Helotiales;Hyaloscyphaceae;Hyaloscypha;Hyaloscypha_variabilis
FJ357317.1;Eukaryota;Ascomycota;dothideomyceta;Pleosporales;Pleosporaceae;Alternaria;Alternaria_bornmuelleri
MT734672.1;Eukaryota;Oomycota;Stramenopiles;Peronosporales;Peronosporaceae;Peronospora;Peronospora_lathyrina
MF784742.1;Eukaryota;Oomycota;Stramenopiles;Peronosporales;Peronosporaceae;Peronospora;Peronospora_stellariae-aquaticae
MK496521.1;Eukaryota;Oomycota;Stramenopiles;Peronosporales;Peronosporaceae;Phytophthora;Phytophthora_richardiae
MH864164.1;Eukaryota;Ascomycota;dothideomyceta;Pleosporales;Leptosphaeriaceae;Plenodomus;Plenodomus_agnitus
MG865492.1;Eukaryota;Oomycota;Stramenopiles;Peronosporales;Peronosporaceae;Phytophthora;Phytophthora_foliorum
MK785197.1;Eukaryota;Ascomycota;dothideomyceta;Pleosporales;Didymellaceae;Stagonosporopsis;Stagonosporopsis_citrulli
HQ643740.1;Eukaryota;Oomycota;Stramenopiles;Pythiales;Pythiaceae;Pythium;Pythium_periilum
MG865539.1;Eukaryota;Oomycota;Stramenopiles;Peronosporales;Peronosporaceae;Phytophthora;Phytophthora_mengei
JQ754042.1;Eukaryota;Basidiomycota;Opisthokonta;Tremellales;Bulleribasidiaceae;Hannaella;Hannaella_oryzae
FJ427042.1;Eukaryota;Ascomycota;dothideomyceta;Pleosporales;Didymellaceae;Cumuliphoma;Cumuliphoma_omnivirens
LT158463.1;Eukaryota;Ascomycota;sordariomyceta;Helotiales;Sclerotiniaceae;Sclerencoelia;Sclerencoelia_pruinosa
EU240038.1;Eukaryota;Oomycota;Stramenopiles;Peronosporales;Peronosporaceae;Phytophthora;Phytophthora_taxon_Oaksoil
MN263048.1;Eukaryota;Ascomycota;sordariomyceta;Helotiales;Rutstroemiaceae;Rutstroemia;Rutstroemia_elatina
MK751727.1;Eukaryota;Ascomycota;dothideomyceta;Pleosporales;Dothidotthiaceae;Dothidotthia;Dothidotthia_robiniae
HG779023.1;Eukaryota;Ascomycota;dothideomyceta;Pleosporales;Pleosporaceae;Curvularia;Curvularia_trifolii
KY568986.1;Eukaryota;Ascomycota;dothideomyceta;Pleosporales;Phaeosphaeriaceae;Neosetophoma;Neosetophoma_poaceicola
FM180035.1;Eukaryota;Ascomycota;dothideomyceta;Pleosporales;Didymellaceae;Ascochyta;Ascochyta_fabae
MG865483.1;Eukaryota;Oomycota;Stramenopiles;Peronosporales;Peronosporaceae;Phytophthora;Phytophthora_cryptogea
MH866022.1;Eukaryota;Ascomycota;sordariomyceta;Hypocreales;Nectriaceae;Fusarium;Fusarium_oxysporum
JX499031.1;Eukaryota;Ascomycota;dothideomyceta;Pleosporales;Pleosporaceae;Alternaria;Alternaria_brassicicola
AF444666.1;Eukaryota;Basidiomycota;Opisthokonta;Tremellales;Rhynchogastremaceae;Papiliotrema;Papiliotrema_japonica
AB035046.1;Eukaryota;Basidiomycota;Opisthokonta;Tremellales;Rhynchogastremaceae;Papiliotrema;Papiliotrema_flavescens
FJ200221.1;Eukaryota;Ascomycota;sordariomyceta;Hypocreales;Nectriaceae;Fusarium;Fusarium_solani
MT588812.1;Eukaryota;Oomycota;Stramenopiles;Peronosporales;Peronosporaceae;Peronospora;Peronospora_belbahrii
FJ430779.1;Eukaryota;Ascomycota;sordariomyceta;Helotiales;unidentified;Acidea;Acidea_extrema
AF178401.1;Eukaryota;Ascomycota;sordariomyceta;Hypocreales;Nectriaceae;Fusarium;Fusarium_yamamotoi
AB208109.1;Eukaryota;Ascomycota;sordariomyceta;Hypocreales;Ophiocordycipitaceae;Polycephalomyces;Polycephalomyces_tomentosus
MG783385.1;Eukaryota;Oomycota;Stramenopiles;Peronosporales;Peronosporaceae;Phytophthora;Phytophthora_cactorum
KC584229.1;Eukaryota;Ascomycota;dothideomyceta;Pleosporales;Pleosporaceae;Alternaria;Alternaria_penicillata
KR909390.1;Eukaryota;Ascomycota;sordariomyceta;Hypocreales;Nectriaceae;Fusarium;Fusarium_nisikadoi
JN383493.1;Eukaryota;Ascomycota;dothideomyceta;Pleosporales;Pleosporaceae;Alternaria;Alternaria_phragmospora
LC061594.1;Eukaryota;Ascomycota;dothideomyceta;Pleosporales;Latoruaceae;Pseudoasteromassaria;Pseudoasteromassaria_fagi
MN450332.1;Eukaryota;Oomycota;Stramenopiles;Peronosporales;Peronosporaceae;Peronospora;Peronospora_glechomae
MK256970.1;Eukaryota;Ascomycota;sordariomyceta;Hypocreales;Nectriaceae;Fusarium;Fusarium_xylarioides
AF250820.1;Eukaryota;Ascomycota;dothideomyceta;Pleosporales;Leptosphaeriaceae;Neophaeosphaeria;Neophaeosphaeria_filamentosa
MW016403.1;Eukaryota;Ascomycota;sordariomyceta;Hypocreales;Nectriaceae;Fusarium;Fusarium_bambusarum
MW709918.1;Eukaryota;Basidiomycota;Opisthokonta;Tremellales;Bulleraceae;Bullera;Bullera_alba
AB915387.1;Eukaryota;Basidiomycota;Opisthokonta;Tremellales;Rhynchogastremaceae;Papiliotrema;Papiliotrema_siamensis
MK314552.1;Eukaryota;Ascomycota;sordariomyceta;Phacidiales;unidentified;Capturomyces;Capturomyces_funiculosus
U34556.1;Eukaryota;Ascomycota;sordariomyceta;Hypocreales;Nectriaceae;Fusarium;Fusarium_sacchari
MK540000.1;Eukaryota;Ascomycota;dothideomyceta;Pleosporales;Pleosporaceae;Pyrenophora;Pyrenophora_pseudoerythrospila
KR909391.1;Eukaryota;Ascomycota;sordariomyceta;Hypocreales;Nectriaceae;Fusarium;Fusarium_brevicatenulatum
KC584243.1;Eukaryota;Ascomycota;dothideomyceta;Pleosporales;Pleosporaceae;Alternaria;Alternaria_botrytis
KC584201.1;Eukaryota;Ascomycota;dothideomyceta;Pleosporales;Pleosporaceae;Alternaria;Alternaria_japonica
KC584230.1;Eukaryota;Ascomycota;dothideomyceta;Pleosporales;Pleosporaceae;Alternaria;Alternaria_embellisia
U34582.1;Eukaryota;Ascomycota;sordariomyceta;Hypocreales;Nectriaceae;Fusarium;Fusarium_beomiforme
MH730808.1;Eukaryota;Oomycota;Stramenopiles;Peronosporales;Peronosporaceae;Peronospora;Peronospora_illyrica
KC584213.1;Eukaryota;Ascomycota;dothideomyceta;Pleosporales;Pleosporaceae;Alternaria;Alternaria_radicina
KR859223.1;Eukaryota;Ascomycota;sordariomyceta;Helotiales;Dermateaceae;Pezicula;Pezicula_neosporulosa
KJ570693.1;Eukaryota;Ascomycota;sordariomyceta;Hypocreales;Nectriaceae;Thyronectria;Thyronectria_coryli
JN383482.1;Eukaryota;Ascomycota;dothideomyceta;Pleosporales;Pleosporaceae;Alternaria;Alternaria_cetera
OL989249.1;Eukaryota;Ascomycota;sordariomyceta;Hypocreales;Nectriaceae;Fusarium;Fusarium_pseudoanthophilum
OM959577.1;Eukaryota;Ascomycota;sordariomyceta;Hypocreales;Nectriaceae;Fusarium;Fusarium_verticillioides
MH887516.1;Eukaryota;Ascomycota;OSLEUM clade;Peltigerales;Nephromataceae;Nephroma;Nephroma_helveticum
AF444399.1;Eukaryota;Basidiomycota;Opisthokonta;Tremellales;Rhynchogastremaceae;Papiliotrema;Papiliotrema_pseudoalba
MN450331.1;Eukaryota;Oomycota;Stramenopiles;Peronosporales;Peronosporaceae;Peronospora;Peronospora_salviae-officinalis
MG865584.1;Eukaryota;Oomycota;Stramenopiles;Peronosporales;Peronosporaceae;Phytophthora;Phytophthora_rubi
HQ643754.1;Eukaryota;Oomycota;Stramenopiles;Pythiales;Pythiaceae;Elongisporangium;Elongisporangium_prolatum
MK804678.1;Eukaryota;Ascomycota;dothideomyceta;Pleosporales;Shiraiaceae;Rubroshiraia;Rubroshiraia_bambusae
MH859193.1;Eukaryota;Ascomycota;dothideomyceta;Pleosporales;Pleosporaceae;Curvularia;Curvularia_robusta
MG865573.1;Eukaryota;Oomycota;Stramenopiles;Peronosporales;Peronosporaceae;Phytophthora;Phytophthora_pseudolactucae
AJ301940.1;Eukaryota;Ascomycota;sordariomyceta;Glomerellales;Glomerellaceae;Colletotrichum;Colletotrichum_pisi
MF795782.1;Eukaryota;Ascomycota;dothideomyceta;Pleosporales;Cucurbitariaceae;Neocucurbitaria;Neocucurbitaria_rhamnioides
JX910369.1;Eukaryota;Basidiomycota;Opisthokonta;Tremellales;Rhynchogastremaceae;Papiliotrema;Papiliotrema_terrestris
MT090015.1;Eukaryota;Ascomycota;sordariomyceta;Hypocreales;Nectriaceae;Fusarium;Fusarium_nematophilum
LR583793.1;Eukaryota;Ascomycota;sordariomyceta;Hypocreales;Nectriaceae;Fusarium;Fusarium_neocosmosporiellum
MW173048.1;Eukaryota;Ascomycota;sordariomyceta;Hypocreales;Nectriaceae;Fusarium;[Neocosmospora]_citricola
FN428919.1;Eukaryota;Basidiomycota;Opisthokonta;Tremellales;Rhynchogastremaceae;Papiliotrema;Papiliotrema_nemorosus
DQ830986.1;Eukaryota;Basidiomycota;Opisthokonta;Tremellales;Rhynchogastremaceae;Papiliotrema;Papiliotrema_anemochoreius
MW045555.1;Eukaryota;Ascomycota;dothideomyceta;Pleosporales;Pleosporaceae;Bipolaris;Bipolaris_omanensis
KP330785.1;Eukaryota;Oomycota;Stramenopiles;Peronosporales;Peronosporaceae;Peronospora;Peronospora_atriplicis-hastatae
MT185538.1;Eukaryota;Ascomycota;dothideomyceta;Pleosporales;Neopyrenochaetaceae;Neopyrenochaeta;Neopyrenochaeta_annellidica
KP203864.1;Eukaryota;Basidiomycota;Opisthokonta;Tremellales;Rhynchogastremaceae;Papiliotrema;Papiliotrema_leoncinii
HQ643670.1;Eukaryota;Oomycota;Stramenopiles;Pythiales;Pythiaceae;Pythium;Pythium_jasmonium
KC584185.1;Eukaryota;Ascomycota;dothideomyceta;Pleosporales;Pleosporaceae;Alternaria;Alternaria_brassicae
MH857438.1;Eukaryota;Ascomycota;dothideomyceta;Pleosporales;Didymellaceae;Calophoma;Calophoma_vincetoxici
HM245331.1;Eukaryota;Ascomycota;sordariomyceta;Hypocreales;Nectriaceae;Dactylonectria;Dactylonectria_macrodidyma
GU237850.1;Eukaryota;Ascomycota;dothideomyceta;Pleosporales;Didymellaceae;Stagonosporopsis;Stagonosporopsis_trachelii
MG602692.1;Eukaryota;Oomycota;Stramenopiles;Peronosporales;Peronosporaceae;Phytophthora;Phytophthora_agathidicida
OM337559.1;Eukaryota;Ascomycota;dothideomyceta;Pleosporales;Pleosporaceae;Decorospora;Decorospora_gaudefroyi
LC370337.1;Eukaryota;Basidiomycota;Opisthokonta;Tremellales;Rhynchogastremaceae;Papiliotrema;Papiliotrema_plantarum
MN823591.1;Eukaryota;Ascomycota;dothideomyceta;Pleosporales;Didymellaceae;Vandijckomycella;Vandijckomycella_snoekiae
KC584209.1;Eukaryota;Ascomycota;dothideomyceta;Pleosporales;Pleosporaceae;Alternaria;Alternaria_panax
MG865500.1;Eukaryota;Oomycota;Stramenopiles;Peronosporales;Peronosporaceae;Phytophthora;Phytophthora_glovera
U34580.1;Eukaryota;Ascomycota;sordariomyceta;Hypocreales;Nectriaceae;Fusarium;Fusarium_concolor
MH414899.1;Eukaryota;Ascomycota;dothideomyceta;Pleosporales;Pleosporaceae;Curvularia;Curvularia_eragrosticola
DQ885897.1;Eukaryota;Ascomycota;dothideomyceta;Pleosporales;Didymosphaeriaceae;Paracamarosporium;Paracamarosporium_hawaiiense
MK496515.1;Eukaryota;Oomycota;Stramenopiles;Peronosporales;Peronosporaceae;Phytophthora;Phytophthora_andina
MF795772.1;Eukaryota;Ascomycota;dothideomyceta;Pleosporales;Cucurbitariaceae;Neocucurbitaria;Neocucurbitaria_cisticola
EU167595.1;Eukaryota;Ascomycota;dothideomyceta;Mycosphaerellales;Mycosphaerellaceae;Exutisphaerella;Exutisphaerella_laricina
MG865481.1;Eukaryota;Oomycota;Stramenopiles;Peronosporales;Peronosporaceae;Phytophthora;Phytophthora_crassamura
AF229457.1;Eukaryota;Ascomycota;dothideomyceta;Pleosporales;Pleosporaceae;Alternaria;Alternaria_cheiranthi
HQ643767.1;Eukaryota;Oomycota;Stramenopiles;Pythiales;Pythiaceae;Globisporangium;Globisporangium_rostratum
MK511908.1;Eukaryota;Ascomycota;dothideomyceta;Pleosporales;Phaeosphaeriaceae;Setophoma;Setophoma_longinqua
KF545335.1;Eukaryota;Ascomycota;sordariomyceta;Helotiales;Rutstroemiaceae;Lambertella;Lambertella_himalayensis
LR583730.1;Eukaryota;Ascomycota;sordariomyceta;Hypocreales;Nectriaceae;Fusarium;Fusarium_lichenicola
MN973577.1;Eukaryota;Ascomycota;dothideomyceta;Pleosporales;Didymellaceae;Calophoma;Calophoma_parvula
EU040234.1;Eukaryota;Ascomycota;dothideomyceta;Pleosporales;unidentified;Ochrocladosporium;Ochrocladosporium_frigidarii
HQ902155.1;Eukaryota;Ascomycota;sordariomyceta;Rhytismatales;Rhytismataceae;Lirula;Lirula_exigua
KR909429.1;Eukaryota;Ascomycota;sordariomyceta;Hypocreales;Nectriaceae;Fusarium;Fusarium_coeruleum
JX089580.1;Eukaryota;Ascomycota;dothideomyceta;Pleosporales;Pleosporaceae;Curvularia;Curvularia_miyakei
KF928459.1;Eukaryota;Ascomycota;leotiomyceta;Chaetothyriales;Cyphellophoraceae;Cyphellophora;Cyphellophora_sessilis
HQ643752.1;Eukaryota;Oomycota;Stramenopiles;Pythiales;Pythiaceae;Globisporangium;Globisporangium_polymastum
JF735308.1;Eukaryota;Ascomycota;sordariomyceta;Hypocreales;Nectriaceae;Neonectria;Neonectria_major
EU167604.1;Eukaryota;Ascomycota;dothideomyceta;Pleosporales;Phaeosphaeriaceae;Phaeosphaeria;Phaeosphaeria_rousseliana
KY090635.1;Eukaryota;Ascomycota;dothideomyceta;Pleosporales;Phaeosphaeriaceae;Phaeosphaeriopsis;Phaeosphaeriopsis_agavensis
KC584199.1;Eukaryota;Ascomycota;dothideomyceta;Pleosporales;Pleosporaceae;Alternaria;Alternaria_gypsophilae
MH361212.1;Eukaryota;Ascomycota;sordariomyceta;Hypocreales;Nectriaceae;Fusarium;Fusarium_culmorum
KR859168.1;Eukaryota;Ascomycota;sordariomyceta;Helotiales;Dermateaceae;Pezicula;Pezicula_corylina
MT734671.1;Eukaryota;Oomycota;Stramenopiles;Peronosporales;Peronosporaceae;Peronospora;Peronospora_elsholtziae
MW766990.1;Eukaryota;Ascomycota;sordariomyceta;Hypocreales;Nectriaceae;Fusarium;Fusarium_commune
AB205377.1;Eukaryota;Ascomycota;OSLEUM clade;Lecanorales;Parmeliaceae;Pannoparmelia;Pannoparmelia_angustata
MZ509541.1;Eukaryota;Ascomycota;sordariomyceta;Hypocreales;Nectriaceae;Fusarium;Fusarium_ruscicola
KM384107.1;Eukaryota;Basidiomycota;Opisthokonta;Tremellales;Rhynchogastremaceae;Papiliotrema;Papiliotrema_wisconsinensis
AY604526.1;Eukaryota;Ascomycota;dothideomyceta;Dothideales;Dothideaceae;Endoconidioma;Endoconidioma_populi
LC014599.1;Eukaryota;Ascomycota;dothideomyceta;Pleosporales;Lentitheciaceae;Tingoldiago;Tingoldiago_graminicola
AJ491250.1;Eukaryota;Streptophyta;fabids;Cucurbitales;Begoniaceae;Begonia;Begonia_ravenii
AY259059.1;Eukaryota;Basidiomycota;Opisthokonta;Golubeviales;Golubeviaceae;Golubevia;Golubevia_pallescens
AF178408.1;Eukaryota;Ascomycota;sordariomyceta;Hypocreales;Nectriaceae;Fusarium;Fusarium_bataticola
GU237895.1;Eukaryota;Ascomycota;dothideomyceta;Pleosporales;Didymellaceae;Phomatodes;Phomatodes_aubrietiae
MG793197.1;Eukaryota;Oomycota;Stramenopiles;Peronosporales;Peronosporaceae;Peronospora;Peronospora_effusa
AY425656.1;Eukaryota;Ascomycota;OSLEUM clade;Lecanorales;Psoraceae;Protoblastenia;Protoblastenia_rupestris
DQ028268.1;Eukaryota;Ascomycota;sordariomyceta;Thelebolales;Thelebolaceae;Thelebolus;Thelebolus_globosus
MN907098.1;Eukaryota;Ascomycota;saccharomyceta;Orbiliales;Orbiliaceae;Orbilia;Orbilia_corculispora
MK539972.1;Eukaryota;Ascomycota;dothideomyceta;Pleosporales;Pleosporaceae;Pyrenophora;Pyrenophora_avenicola
HQ643692.1;Eukaryota;Oomycota;Stramenopiles;Pythiales;Pythiaceae;Globisporangium;Globisporangium_mastophorum
U94678.1;Eukaryota;Ascomycota;sordariomyceta;Hypocreales;Nectriaceae;Fusarium;Fusarium_breviconum
KY499209.1;Eukaryota;Ascomycota;sordariomyceta;Hypocreales;Nectriaceae;Fusarium;Fusarium_fujikuroi
KF859928.1;Eukaryota;Ascomycota;sordariomyceta;Helotiales;Sclerotiniaceae;Sclerotinia;Sclerotinia_bulborum
HG779024.1;Eukaryota;Ascomycota;dothideomyceta;Pleosporales;Pleosporaceae;Curvularia;Curvularia_uncinata
MT215495.1;Eukaryota;Ascomycota;sordariomyceta;Hypocreales;Nectriaceae;Fusarium;Fusarium_cassiae
KY696717.1;Eukaryota;Ascomycota;sordariomyceta;Helotiales;Sclerotiniaceae;Mycopappus;Mycopappus_alni
MG865564.1;Eukaryota;Oomycota;Stramenopiles;Peronosporales;Peronosporaceae;Phytophthora;Phytophthora_phaseoli
KY368752.1;Eukaryota;Ascomycota;sordariomyceta;Thelebolales;Thelebolaceae;Ramgea;Ramgea_ozimecii
MF975533.1;Eukaryota;Ascomycota;saccharomyceta;Saccharomycetales;Trichomonascaceae;Wickerhamiella;Wickerhamiella_kurtzmanii
KX306775.1;Eukaryota;Ascomycota;dothideomyceta;Pleosporales;Phaeosphaeriaceae;Wojnowiciella;Wojnowiciella_leptocarpi
KT265252.1;Eukaryota;Ascomycota;dothideomyceta;Pleosporales;Pleosporaceae;Exserohilum;Exserohilum_curvatum
AF486626.1;Eukaryota;Ascomycota;dothideomyceta;Pleosporales;Phaeosphaeriaceae;Ophiosphaerella;Ophiosphaerella_korrae
MH858643.1;Eukaryota;Ascomycota;dothideomyceta;Pleosporales;Pleosporaceae;Exserohilum;Exserohilum_holmii
MT300294.1;Eukaryota;Ascomycota;sordariomyceta;Microascales;Microascaceae;Scopulariopsis;Scopulariopsis_brevicaulis
HQ643771.1;Eukaryota;Oomycota;Stramenopiles;Pythiales;Pythiaceae;Pythium;Pythium_scleroteichum
AF141168.1;Eukaryota;Ascomycota;sordariomyceta;Helotiales;Dermateaceae;Pezicula;Pezicula_alnicola
AF294699.1;Eukaryota;Basidiomycota;Opisthokonta;Ustilaginales;Ustilaginaceae;Moesziomyces;Moesziomyces_aphidis
JN383490.1;Eukaryota;Ascomycota;dothideomyceta;Pleosporales;Pleosporaceae;Alternaria;Alternaria_eureka
EU167586.1;Eukaryota;Ascomycota;dothideomyceta;Cladosporiales;Cladosporiaceae;Rachicladosporium;Rachicladosporium_iridis
LT158447.1;Eukaryota;Ascomycota;sordariomyceta;Helotiales;Rutstroemiaceae;Rutstroemia;Rutstroemia_sydowiana
MH414894.1;Eukaryota;Ascomycota;dothideomyceta;Pleosporales;Pleosporaceae;Curvularia;Curvularia_beerburrumensis
MG865478.1;Eukaryota;Oomycota;Stramenopiles;Peronosporales;Peronosporaceae;Phytophthora;Phytophthora_cocois
LT904865.1;Eukaryota;Ascomycota;sordariomyceta;Helotiales;Lachnaceae;Capitotricha;Capitotricha_rubi
KF499360.1;Eukaryota;Ascomycota;sordariomyceta;Helotiales;Rutstroemiaceae;Bicornispora;Bicornispora_seditiosa
MF490806.1;Eukaryota;Ascomycota;dothideomyceta;Pleosporales;Pleosporaceae;Bipolaris;Bipolaris_brachiariae
MH726097.1;Eukaryota;Ascomycota;sordariomyceta;Hypocreales;Neoacremoniaceae;Neoacremonium;Neoacremonium_vitellinum
MT734673.1;Eukaryota;Oomycota;Stramenopiles;Peronosporales;Peronosporaceae;Peronospora;Peronospora_chenopodii-ambrosioidis
LC485673.1;Eukaryota;Ascomycota;sordariomyceta;Hypocreales;Cordycipitaceae;Leptobacillium;Leptobacillium_symbioticum
KX394540.1;Eukaryota;Ascomycota;dothideomyceta;Pleosporales;Pleosporaceae;Pyrenophora;Pyrenophora_dictyoides
HQ643727.1;Eukaryota;Oomycota;Stramenopiles;Pythiales;Pythiaceae;Pythium;Pythium_pachycaule
KJ522474.1;Eukaryota;Ascomycota;dothideomyceta;Pleosporales;Phaeosphaeriaceae;Phaeosphaeriopsis;Phaeosphaeriopsis_glaucopunctata
OK330464.1;Eukaryota;Ascomycota;sordariomyceta;Hypocreales;Nectriaceae;Fusarium;Fusarium_virguliforme
KP330842.1;Eukaryota;Oomycota;Stramenopiles;Peronosporales;Peronosporaceae;Peronospora;Peronospora_lepigoni
KX512868.1;Eukaryota;Ascomycota;OSLEUM clade;Caliciales;Physciaceae;Heterodermia;Heterodermia_speciosa
KC584179.1;Eukaryota;Ascomycota;dothideomyceta;Pleosporales;Pleosporaceae;Alternaria;Alternaria_alternantherae
MG865583.1;Eukaryota;Oomycota;Stramenopiles;Peronosporales;Peronosporaceae;Phytophthora;Phytophthora_riparia
AB035045.1;Eukaryota;Basidiomycota;Opisthokonta;Tremellales;Rhynchogastremaceae;Papiliotrema;Papiliotrema_aurea
KP744446.1;Eukaryota;Ascomycota;dothideomyceta;Pleosporales;Leptosphaeriaceae;Leptosphaeria;Leptosphaeria_ebuli
AF178420.1;Eukaryota;Ascomycota;sordariomyceta;Hypocreales;Nectriaceae;Fusarium;Fusarium_mori
MH862560.1;Eukaryota;Ascomycota;sordariomyceta;Helotiales;Dermateaceae;Pezicula;Pezicula_sporulosa
Z80893.1;Eukaryota;Ascomycota;sordariomyceta;Helotiales;Rutstroemiaceae;Rutstroemia;Rutstroemia_firma
MG783380.1;Eukaryota;Oomycota;Stramenopiles;Peronosporales;Peronosporaceae;Phytophthora;Phytophthora_austrocedrae
AB205379.1;Eukaryota;Ascomycota;OSLEUM clade;Lecanorales;Parmeliaceae;Pannoparmelia;Pannoparmelia_wilsonii
KC584218.1;Eukaryota;Ascomycota;dothideomyceta;Pleosporales;Pleosporaceae;Alternaria;Alternaria_soliaridae
MF795769.1;Eukaryota;Ascomycota;dothideomyceta;Pleosporales;Cucurbitariaceae;Neocucurbitaria;Neocucurbitaria_aetnensis
ON231677.1;Eukaryota;Ascomycota;leotiomyceta;Eurotiales;Aspergillaceae;Aspergillus;Aspergillus_welwitschiae
AF444349.1;Eukaryota;Basidiomycota;Opisthokonta;Filobasidiales;Filobasidiaceae;Filobasidium;Filobasidium_oeirense
MF490822.1;Eukaryota;Ascomycota;dothideomyceta;Pleosporales;Pleosporaceae;Curvularia;Curvularia_variabilis
MW015778.1;Eukaryota;Basidiomycota;Opisthokonta;Malasseziales;Malasseziaceae;Malassezia;Malassezia_globosa
MF795761.1;Eukaryota;Ascomycota;dothideomyceta;Pleosporales;Cucurbitariaceae;Cucurbitaria;Cucurbitaria_oromediterranea
MF795774.1;Eukaryota;Ascomycota;dothideomyceta;Pleosporales;Cucurbitariaceae;Neocucurbitaria;Neocucurbitaria_populi
KT933645.1;Eukaryota;Ascomycota;dothideomyceta;Pleosporales;Pleosporaceae;Curvularia;Curvularia_aeria
KC584194.1;Eukaryota;Ascomycota;dothideomyceta;Pleosporales;Pleosporaceae;Alternaria;Alternaria_dianthicola
KP322984.1;Eukaryota;Basidiomycota;Opisthokonta;Entylomatales;unidentified;Tilletiopsis;Tilletiopsis_lilacina
DQ780374.1;Eukaryota;Ascomycota;dothideomyceta;Cladosporiales;Cladosporiaceae;Cladosporium;Cladosporium_salinae
MF795785.1;Eukaryota;Ascomycota;dothideomyceta;Pleosporales;Cucurbitariaceae;Neocucurbitaria;Neocucurbitaria_ribicola
DQ248313.1;Eukaryota;Ascomycota;saccharomyceta;Symbiotaphrinales;Symbiotaphrinaceae;Symbiotaphrina;Symbiotaphrina_buchneri
MZ081644.1;Eukaryota;Ascomycota;dothideomyceta;Pleosporales;Didymellaceae;Stagonosporopsis;Stagonosporopsis_cucurbitacearum
HQ643429.1;Eukaryota;Oomycota;Stramenopiles;Pythiales;Pythiaceae;Globisporangium;Globisporangium_aff._polymastum
KP330782.1;Eukaryota;Oomycota;Stramenopiles;Peronosporales;Peronosporaceae;Peronospora;Peronospora_minor
KX228265.1;Eukaryota;Ascomycota;dothideomyceta;Pleosporales;Parapyrenochaetaceae;Parapyrenochaeta;Parapyrenochaeta_acaciae
MH863558.1;Eukaryota;Ascomycota;sordariomyceta;Hypocreales;Nectriaceae;Fusarium;Fusarium_cicatricum
KT795475.1;Eukaryota;Oomycota;Stramenopiles;Peronosporales;Peronosporaceae;Peronospora;Peronospora_potentillae-anserinae
EU925376.1;Eukaryota;Oomycota;Stramenopiles;Peronosporales;Peronosporaceae;Phytophthora;Phytophthora_rosacearum
KT215224.1;Eukaryota;Ascomycota;saccharomyceta;Orbiliales;Orbiliaceae;Orbilia;Orbilia_patellarioides
MH864794.1;Eukaryota;Ascomycota;dothideomyceta;Pleosporales;Pleosporaceae;Pyrenophora;Pyrenophora_triseptata
MG865556.1;Eukaryota;Oomycota;Stramenopiles;Peronosporales;Peronosporaceae;Phytophthora;Phytophthora_ornamentata
MF062203.1;Eukaryota;Basidiomycota;Opisthokonta;Leucosporidiales;Leucosporidiaceae;Leucosporidium;Leucosporidium_golubevii
MT185475.1;Eukaryota;Ascomycota;sordariomyceta;Hypocreales;Nectriaceae;Fusarium;Fusarium_tricinctum
KY105422.1;Eukaryota;Basidiomycota;Opisthokonta;Tremellales;Sirobasidiaceae;Sirobasidium;Sirobasidium_magnum
KY783351.1;Eukaryota;Ascomycota;sordariomyceta;Hypocreales;Hypocreaceae;Hypomyces;Hypomyces_tubariicola
AY945224.1;Eukaryota;Ascomycota;sordariomyceta;Xylariales;Hypoxylaceae;Hypoxylon;Hypoxylon_fuscopurpureum
MT185495.1;Eukaryota;Ascomycota;sordariomyceta;Helotiales;Dermateaceae;Corniculariella;Corniculariella_rhamni
MW710688.1;Eukaryota;Basidiomycota;Opisthokonta;Tremellales;Bulleribasidiaceae;Vishniacozyma;Vishniacozyma_carnescens
HQ643479.1;Eukaryota;Oomycota;Stramenopiles;Pythiales;Pythiaceae;Globisporangium;Globisporangium_buismaniae
KX765298.1;Eukaryota;Ascomycota;dothideomyceta;Pleosporales;Phaeosphaeriaceae;Pseudophaeosphaeria;Pseudophaeosphaeria_rubi
FM180047.1;Eukaryota;Ascomycota;dothideomyceta;Pleosporales;Didymellaceae;Didymella;Didymella_pinodes
EU149807.1;Eukaryota;Basidiomycota;Opisthokonta;Kriegeriales;Camptobasidiaceae;Glaciozyma;Glaciozyma_martinii
KC584237.1;Eukaryota;Ascomycota;dothideomyceta;Pleosporales;Pleosporaceae;Alternaria;Alternaria_scirpicola
HQ643945.1;Eukaryota;Oomycota;Stramenopiles;Pythiales;Pythiaceae;Globisporangium;Globisporangium_uncinulatum
JN033383.1;Eukaryota;Ascomycota;sordariomyceta;Helotiales;Mollisiaceae;Loramyces;Loramyces_macrosporus
KC584200.1;Eukaryota;Ascomycota;dothideomyceta;Pleosporales;Pleosporaceae;Alternaria;Alternaria_helianthiinficiens
AY198306.3;Eukaryota;Oomycota;Stramenopiles;Peronosporales;Peronosporaceae;Pseudoperonospora;Pseudoperonospora_cubensis
KC584220.1;Eukaryota;Ascomycota;dothideomyceta;Pleosporales;Pleosporaceae;Alternaria;Alternaria_sonchi
MG865480.1;Eukaryota;Oomycota;Stramenopiles;Peronosporales;Peronosporaceae;Phytophthora;Phytophthora_constricta
MK539973.1;Eukaryota;Ascomycota;dothideomyceta;Pleosporales;Pleosporaceae;Pyrenophora;Pyrenophora_biseptata
MG865522.1;Eukaryota;Oomycota;Stramenopiles;Peronosporales;Peronosporaceae;Phytophthora;Phytophthora_lateralis
MH730804.1;Eukaryota;Oomycota;Stramenopiles;Peronosporales;Peronosporaceae;Peronospora;Peronospora_ficariae
HG779026.1;Eukaryota;Ascomycota;dothideomyceta;Pleosporales;Pleosporaceae;Curvularia;Curvularia_verruciformis
MG865477.1;Eukaryota;Oomycota;Stramenopiles;Peronosporales;Peronosporaceae;Phytophthora;Phytophthora_clandestina
DQ323700.1;Eukaryota;Ascomycota;dothideomyceta;Pleosporales;Pleosporaceae;Alternaria;Alternaria_porri
AF314985.1;Eukaryota;Basidiomycota;Opisthokonta;Tremellales;Bulleraceae;Bullera;Bullera_coprosmae
KC287235.1;Eukaryota;Ascomycota;sordariomyceta;Glomerellales;Plectosphaerellaceae;Paragibellulopsis;Paragibellulopsis_chrysanthemi
HQ643693.1;Eukaryota;Oomycota;Stramenopiles;Pythiales;Pythiaceae;Globisporangium;Globisporangium_megalacanthum
AY743636.1;Eukaryota;Basidiomycota;Opisthokonta;Malasseziales;Malasseziaceae;Malassezia;Malassezia_restricta
FJ790287.1;Eukaryota;Ascomycota;dothideomyceta;Cladosporiales;Cladosporiaceae;Toxicocladosporium;Toxicocladosporium_rubrigenum
KR183856.1;Eukaryota;Basidiomycota;Opisthokonta;Polyporales;Polyporaceae;Ganoderma;Ganoderma_destructans
LT964730.1;Eukaryota;Mucoromycota;Opisthokonta;Glomerales;Glomeraceae;Glomus;Glomus_tetrastratosum
AF444441.1;Eukaryota;Basidiomycota;Opisthokonta;Tremellales;Bulleraceae;Bullera;Bullera_unica
HM004232.1;Eukaryota;Oomycota;Stramenopiles;Peronosporales;Peronosporaceae;Phytophthora;Phytophthora_borealis
KT389480.1;Eukaryota;Ascomycota;dothideomyceta;Pleosporales;Didymellaceae;Ascochyta;Ascochyta_koolunga
AY198253.3;Eukaryota;Oomycota;Stramenopiles;Peronosporales;Peronosporaceae;Hyaloperonospora;Hyaloperonospora_sisymbrii-sophiae
DQ323697.1;Eukaryota;Ascomycota;dothideomyceta;Pleosporales;Pleosporaceae;Alternaria;Alternaria_infectoria
KT795480.1;Eukaryota;Oomycota;Stramenopiles;Peronosporales;Peronosporaceae;Peronospora;Peronospora_agrimoniae
HF934952.1;Eukaryota;Ascomycota;dothideomyceta;Pleosporales;Pleosporaceae;Exserohilum;Exserohilum_pedicellatum
JF740263.1;Eukaryota;Ascomycota;dothideomyceta;Pleosporales;Pyrenochaetopsidaceae;Xenopyrenochaetopsis;Xenopyrenochaetopsis_pratorum
KP330778.1;Eukaryota;Oomycota;Stramenopiles;Peronosporales;Peronosporaceae;Peronospora;Peronospora_litoralis
MG865577.1;Eukaryota;Oomycota;Stramenopiles;Peronosporales;Peronosporaceae;Phytophthora;Phytophthora_quercetorum
JQ781877.1;Eukaryota;Basidiomycota;Opisthokonta;Polyporales;Polyporaceae;Ganoderma;Ganoderma_sichuanense
AF229488.1;Eukaryota;Ascomycota;dothideomyceta;Pleosporales;Pleosporaceae;Alternaria;Alternaria_chartarum
HQ643415.1;Eukaryota;Oomycota;Stramenopiles;Pythiales;Pythiaceae;Pythium;Pythium_adhaerens
MN318465.1;Eukaryota;Basidiomycota;Opisthokonta;Polyporales;Polyporaceae;Amauroderma;Amauroderma_deviatum
DQ780364.1;Eukaryota;Ascomycota;dothideomyceta;Cladosporiales;Cladosporiaceae;Cladosporium;Cladosporium_halotolerans
KX784246.1;Eukaryota;Ascomycota;dothideomyceta;Pleosporales;Phaeosphaeriaceae;Paraphoma;Paraphoma_radicina
MK345450.1;Eukaryota;Basidiomycota;Opisthokonta;Polyporales;Polyporaceae;Ganoderma;Ganoderma_sanduense
MG865503.1;Eukaryota;Oomycota;Stramenopiles;Peronosporales;Peronosporaceae;Phytophthora;Phytophthora_gregata
MN557838.1;Eukaryota;Oomycota;Stramenopiles;Peronosporales;Peronosporaceae;Phytophthora;Phytophthora_aysenensis
FJ154771.1;Eukaryota;Basidiomycota;Opisthokonta;Polyporales;Polyporaceae;Trachydermella;Trachydermella_tsunodae
MK387925.1;Eukaryota;Ascomycota;dothideomyceta;Pleosporales;Leptosphaeriaceae;Sphaerellopsis;Sphaerellopsis_isthmospora
KJ654427.1;Eukaryota;Basidiomycota;Opisthokonta;Polyporales;Polyporaceae;Ganoderma;Ganoderma_steyaertanum
HM004512.1;Eukaryota;Oomycota;Stramenopiles;Peronosporales;Peronosporaceae;Plasmopara;Plasmopara_pusilla
MG783382.1;Eukaryota;Oomycota;Stramenopiles;Peronosporales;Peronosporaceae;Phytophthora;Phytophthora_boehmeriae
MK799996.1;Eukaryota;Ascomycota;dothideomyceta;Pleosporales;Pleosporaceae;Curvularia;Curvularia_subpapendorfii
OP020179.1;Eukaryota;Oomycota;Stramenopiles;Peronosporales;Peronosporaceae;Phytophthora;Phytophthora_nicotianae
KY982930.1;Eukaryota;Oomycota;Stramenopiles;Peronosporales;Peronosporaceae;Phytophthora;Phytophthora_oleae
KR476724.1;Eukaryota;Ascomycota;dothideomyceta;Pleosporales;Didymosphaeriaceae;Xenocamarosporium;Xenocamarosporium_acaciae
MW750237.1;Eukaryota;Basidiomycota;Opisthokonta;Polyporales;Polyporaceae;Ganoderma;Ganoderma_dianzhongense
MK802143.1;Eukaryota;Basidiomycota;Opisthokonta;Polyporales;Polyporaceae;Abundisporus;Abundisporus_quercicola
HM004513.1;Eukaryota;Oomycota;Stramenopiles;Peronosporales;Peronosporaceae;Plasmopara;Plasmopara_nivea
MF795780.1;Eukaryota;Ascomycota;dothideomyceta;Pleosporales;Cucurbitariaceae;Neocucurbitaria;Neocucurbitaria_rhamnicola
MG520953.1;Eukaryota;Ascomycota;dothideomyceta;Pleosporales;Phaeosphaeriaceae;Pseudoophiobolus;Pseudoophiobolus_subhyalinisporus
MT177228.1;Eukaryota;Oomycota;Stramenopiles;Pythiales;Pythiaceae;Pythium;Pythium_tracheiphilum
MG865546.1;Eukaryota;Oomycota;Stramenopiles;Peronosporales;Peronosporaceae;Phytophthora;Phytophthora_multivora
MG865532.1;Eukaryota;Oomycota;Stramenopiles;Peronosporales;Peronosporaceae;Phytophthora;Phytophthora_medicaginis
KY752809.1;Eukaryota;Ascomycota;dothideomyceta;Cladosporiales;Cladosporiaceae;Toxicocladosporium;Toxicocladosporium_cacti
KY611899.1;Eukaryota;Ascomycota;OSLEUM clade;Ostropales;Stictidaceae;Robergea;Robergea_cubicularis
KU604037.1;Eukaryota;Ascomycota;sordariomyceta;Hypocreales;Nectriaceae;Fusarium;Fusarium_acutatum
MH857619.1;Eukaryota;Basidiomycota;Opisthokonta;Russulales;Peniophoraceae;Peniophora;Peniophora_laeta
MH858205.1;Eukaryota;Basidiomycota;Opisthokonta;Russulales;Peniophoraceae;Peniophora;Peniophora_tamaricicola
MG865591.1;Eukaryota;Oomycota;Stramenopiles;Peronosporales;Peronosporaceae;Phytophthora;Phytophthora_tentaculata
AY661682.1;Eukaryota;Ascomycota;OSLEUM clade;Ostropales;Stictidaceae;Carestiella;Carestiella_socia
MT026405.1;Eukaryota;Ascomycota;sordariomyceta;Helotiales;Mollisiaceae;Mollisia;Mollisia_diesbachiana
MW724098.1;Eukaryota;Basidiomycota;Opisthokonta;Tremellales;Bulleribasidiaceae;Vishniacozyma;Vishniacozyma_tephrensis
LT158413.1;Eukaryota;Ascomycota;sordariomyceta;Helotiales;Sclerotiniaceae;Sclerencoelia;Sclerencoelia_fraxinicola
MN265834.1;Eukaryota;Basidiomycota;Opisthokonta;Cantharellales;Ceratobasidiaceae;Rhizoctonia;Rhizoctonia_bicornis
MN200199.1;Eukaryota;Ascomycota;dothideomyceta;Dothideales;Saccotheciaceae;Aureobasidium;Aureobasidium_pullulans
KJ710467.1;Eukaryota;Ascomycota;sordariomyceta;Phacidiales;Helicogoniaceae;Eleutheromyces;Eleutheromyces_pseudosubulatus
HQ643755.1;Eukaryota;Oomycota;Stramenopiles;Pythiales;Pythiaceae;Pythium;Pythium_pyrilobum
KX870113.1;Eukaryota;Basidiomycota;Opisthokonta;Cantharellales;Ceratobasidiaceae;Ceratobasidium;Ceratobasidium_chavesanum
HQ643858.1;Eukaryota;Oomycota;Stramenopiles;Pythiales;Pythiaceae;Globisporangium;Globisporangium_terrestre
JQ044439.1;Eukaryota;Ascomycota;dothideomyceta;Pleosporales;Leptosphaeriaceae;Leptosphaeria;Leptosphaeria_proteicola
MW621494.1;Eukaryota;Ascomycota;dothideomyceta;Pleosporales;Phaeosphaeriaceae;Neosetophoma;Neosetophoma_buxi
MK539969.1;Eukaryota;Ascomycota;dothideomyceta;Pleosporales;Phaeosphaeriaceae;Setophoma;Setophoma_pseudosacchari
KY794720.1;Eukaryota;Ascomycota;saccharomyceta;Pezizales;Sarcosomataceae;Donadinia;Donadinia_seaveri
AB179837.1;Eukaryota;Ascomycota;dothideomyceta;Pleosporales;Pleosporaceae;Bipolaris;Bipolaris_stenospila
AY755334.1;Eukaryota;Ascomycota;sordariomyceta;Helotiales;Rutstroemiaceae;Lanzia;Lanzia_allantospora
MK314564.1;Eukaryota;Ascomycota;sordariomyceta;Leotiales;Tympanidaceae;Tympanis;Tympanis_acericola
MN688804.1;Eukaryota;Ascomycota;dothideomyceta;Pleosporales;Pleosporaceae;Curvularia;Curvularia_canadensis
MK539998.1;Eukaryota;Ascomycota;dothideomyceta;Pleosporales;Pleosporaceae;Pyrenophora;Pyrenophora_poae
HQ643494.1;Eukaryota;Oomycota;Stramenopiles;Pythiales;Pythiaceae;Pythium;Pythium_catenulatum
MH864418.1;Eukaryota;Basidiomycota;Opisthokonta;Cantharellales;Ceratobasidiaceae;Ceratobasidium;Ceratobasidium_ramicola
MT762301.1;Eukaryota;Oomycota;Stramenopiles;Peronosporales;Peronosporaceae;Phytophthora;Phytophthora_emzansi
KJ372262.1;Eukaryota;Oomycota;Stramenopiles;Peronosporales;Peronosporaceae;Phytophthora;Phytophthora_condilina
AF141167.1;Eukaryota;Ascomycota;sordariomyceta;Helotiales;Dermateaceae;Pezicula;Pezicula_heterochroma
MN450325.1;Eukaryota;Oomycota;Stramenopiles;Peronosporales;Peronosporaceae;Peronospora;Peronospora_lamii
LT631316.1;Eukaryota;Ascomycota;dothideomyceta;Pleosporales;Pleosporaceae;Exserohilum;Exserohilum_khartoumense
GU237816.1;Eukaryota;Ascomycota;dothideomyceta;Pleosporales;Didymellaceae;Allophoma;Allophoma_piperis
KF267869.1;Eukaryota;Ascomycota;leotiomyceta;Eurotiales;Aspergillaceae;Aspergillus;Aspergillus_sclerotialis
KF499365.1;Eukaryota;Ascomycota;sordariomyceta;Helotiales;Rutstroemiaceae;Lambertella;Lambertella_palmeri
MF784744.1;Eukaryota;Oomycota;Stramenopiles;Peronosporales;Peronosporaceae;Peronospora;Peronospora_alsinearum
ON130635.1;Eukaryota;Ascomycota;dothideomyceta;Pleosporales;Pleosporaceae;Curvularia;Curvularia_lunata
HQ643384.1;Eukaryota;Oomycota;Stramenopiles;Pythiales;Pythiaceae;Phytopythium;Phytopythium_helicoides
EU218892.1;Eukaryota;Basidiomycota;Opisthokonta;Cantharellales;Ceratobasidiaceae;Thanatephorus;Thanatephorus_ochraceus
KC478761.1;Eukaryota;Oomycota;Stramenopiles;Peronosporales;Peronosporaceae;Phytophthora;Phytophthora_dauci
JN033448.1;Eukaryota;Ascomycota;sordariomyceta;Helotiales;Hyaloscyphaceae;Hyphopeziza;Hyphopeziza_pygmaea
AB904505.1;Eukaryota;Ascomycota;sordariomyceta;Helotiales;Rutstroemiaceae;Poculum;Poculum_pseudosydowianum
KY947838.1;Eukaryota;Ascomycota;OSLEUM clade;Umbilicariales;Umbilicariaceae;Umbilicaria;Umbilicaria_polyrrhiza
JN886792.1;Eukaryota;Ascomycota;dothideomyceta;Dothideales;Saccotheciaceae;Aureobasidium;Aureobasidium_bupleuri
HQ643434.1;Eukaryota;Oomycota;Stramenopiles;Pythiales;Pythiaceae;Pythium;Pythium_amasculinum
MZ159408.1;Eukaryota;Ascomycota;sordariomyceta;Helotiales;Calloriaceae;Diplonaevia;Diplonaevia_bresadolae
MG865469.1;Eukaryota;Oomycota;Stramenopiles;Peronosporales;Peronosporaceae;Phytophthora;Phytophthora_captiosa
KJ522476.1;Eukaryota;Ascomycota;dothideomyceta;Pleosporales;Phaeosphaeriaceae;Phaeosphaeriopsis;Phaeosphaeriopsis_triseptata
KC478768.1;Eukaryota;Oomycota;Stramenopiles;Peronosporales;Peronosporaceae;Phytophthora;Phytophthora_lactucae
KT389545.1;Eukaryota;Ascomycota;dothideomyceta;Pleosporales;Didymellaceae;Stagonosporopsis;Stagonosporopsis_helianthi
JN943663.1;Eukaryota;Ascomycota;dothideomyceta;Pleosporales;Pleosporaceae;Pyrenophora;Pyrenophora_tetrarrhenae
KC584233.1;Eukaryota;Ascomycota;dothideomyceta;Pleosporales;Pleosporaceae;Alternaria;Alternaria_hyacinthi
FJ231393.1;Eukaryota;Basidiomycota;Opisthokonta;Cantharellales;Ceratobasidiaceae;Ceratorhiza;Ceratorhiza_rhizodes
AY689131.1;Eukaryota;Oomycota;Stramenopiles;Peronosporales;Peronosporaceae;Phytophthora;Phytophthora_x_alni
KJ174416.1;Eukaryota;Ascomycota;dothideomyceta;Pleosporales;Pleosporaceae;Bipolaris;Bipolaris_tetramera
MT707332.1;Eukaryota;Oomycota;Stramenopiles;Peronosporales;Peronosporaceae;Phytophthora;Phytophthora_alpina
MG865486.1;Eukaryota;Oomycota;Stramenopiles;Peronosporales;Peronosporaceae;Phytophthora;Phytophthora_erythroseptica
MT952891.1;Eukaryota;Ascomycota;sordariomyceta;Helotiales;Cenangiaceae;Mycosphaerangium;Mycosphaerangium_quercinum
HQ643579.1;Eukaryota;Oomycota;Stramenopiles;Pythiales;Pythiaceae;Globisporangium;Globisporangium_intermedium
MZ753925.1;Eukaryota;Oomycota;Stramenopiles;Peronosporales;Peronosporaceae;Phytophthora;Phytophthora_transitoria
HQ643716.1;Eukaryota;Oomycota;Stramenopiles;Pythiales;Pythiaceae;Pythium;Pythium_oligandrum
MT573512.1;Eukaryota;Ascomycota;sordariomyceta;Hypocreales;Hypocreaceae;Trichoderma;Trichoderma_longipile
MH869651.1;Eukaryota;Basidiomycota;Opisthokonta;Russulales;Peniophoraceae;Peniophora;Peniophora_versicolor
KC584241.1;Eukaryota;Ascomycota;dothideomyceta;Pleosporales;Pleosporaceae;Alternaria;Alternaria_leucanthemi
MT185541.1;Eukaryota;Ascomycota;sordariomyceta;Helotiales;Dermateaceae;Pezicula;Pezicula_italica
AF071332.1;Eukaryota;Ascomycota;dothideomyceta;Pleosporales;Pleosporaceae;Bipolaris;Bipolaris_sorghicola
KU517152.1;Eukaryota;Oomycota;Stramenopiles;Peronosporales;Peronosporaceae;Phytophthora;Phytophthora_flexuosa
U19041.1;Eukaryota;Ascomycota;sordariomyceta;Hypocreales;Ophiocordycipitaceae;Tolypocladium;Tolypocladium_tundrense
EU513600.1;Eukaryota;Oomycota;Stramenopiles;Peronosporales;Peronosporaceae;Peronospora;Peronospora_perillae
MH327805.1;Eukaryota;Ascomycota;sordariomyceta;Helotiales;Neolauriomycetaceae;Neolauriomyces;Neolauriomyces_eucalypti
MG783384.1;Eukaryota;Oomycota;Stramenopiles;Peronosporales;Peronosporaceae;Phytophthora;Phytophthora_brassicae
AY143557.1;Eukaryota;Basidiomycota;Opisthokonta;Trichosporonales;Trichosporonaceae;Cutaneotrichosporon;Cutaneotrichosporon_dermatis
MG736181.1;Eukaryota;Ascomycota;sordariomyceta;Hypocreales;Nectriaceae;Fusarium;Fusarium_poae
KM235691.1;Eukaryota;Basidiomycota;Opisthokonta;Malasseziales;Malasseziaceae;Malassezia;Malassezia_arunalokei
HQ643707.1;Eukaryota;Oomycota;Stramenopiles;Pythiales;Pythiaceae;Globisporangium;Globisporangium_nagaii
EF010926.1;Eukaryota;Ascomycota;dothideomyceta;Tubeufiales;Tubeufiaceae;Helicoma;Helicoma_isiola
AF444423.1;Eukaryota;Basidiomycota;Opisthokonta;Trichosporonales;Trichosporonaceae;Cutaneotrichosporon;Cutaneotrichosporon_mucoides
KJ707094.1;Eukaryota;Ascomycota;saccharomyceta;Saccharomycetales;Pichiaceae;Pichia;Pichia_kluyveri
MH859854.1;Eukaryota;Mucoromycota;Opisthokonta;Mucorales;Mucoraceae;Mucor;Mucor_bacilliformis
MF164487.1;Eukaryota;Ascomycota;sordariomyceta;Hypocreales;Nectriaceae;Fusarium;Fusarium_graminearum
LC595781.1;Eukaryota;Oomycota;Stramenopiles;Peronosporales;Peronosporaceae;Phytophthora;Phytophthora_asparagi
DQ641321.1;Eukaryota;Mucoromycota;Opisthokonta;Mucorales;Rhizopodaceae;Rhizopus;Rhizopus_reflexus
KT222431.1;Eukaryota;Ascomycota;saccharomyceta;Orbiliales;Orbiliaceae;Orbilia;Orbilia_epipora
HE962457.1;Eukaryota;Mucoromycota;Opisthokonta;Diversisporales;Gigasporaceae;Dentiscutata;Dentiscutata_savannicola
FM986798.1;Eukaryota;Ascomycota;sordariomyceta;Hypocreales;Bionectriaceae;Geosmithia;Geosmithia_microcorthyli
MH861018.1;Eukaryota;Ascomycota;sordariomyceta;Hypocreales;Nectriaceae;Fusarium;Fusarium_robustum
MZ145339.1;Eukaryota;Ascomycota;dothideomyceta;Pleosporales;Pleosporaceae;Curvularia;Curvularia_mebaldsii
EF473864.1;Eukaryota;Ascomycota;sordariomyceta;Hypocreales;Clavicipitaceae;Claviceps;Claviceps_eriochloae
MG865505.1;Eukaryota;Oomycota;Stramenopiles;Peronosporales;Peronosporaceae;Phytophthora;Phytophthora_heveae
HQ643134.1;Eukaryota;Oomycota;Stramenopiles;Pythiales;Pythiaceae;Phytopythium;Phytopythium_kandeliae
HQ643131.1;Eukaryota;Oomycota;Stramenopiles;Myzocytiopsidales;Eurychasmataceae;Eurychasma;Eurychasma_dicksonii
MH333281.1;Eukaryota;Ascomycota;sordariomyceta;Hypocreales;Nectriaceae;Fusarium;Fusarium_vanettenii
MT177265.1;Eukaryota;Basidiomycota;Opisthokonta;Cantharellales;Ceratobasidiaceae;Rhizoctonia;Rhizoctonia_solani
MT762306.1;Eukaryota;Oomycota;Stramenopiles;Peronosporales;Peronosporaceae;Phytophthora;Phytophthora_afrocarpa
KU175888.1;Eukaryota;Basidiomycota;Opisthokonta;Cantharellales;Ceratobasidiaceae;Ceratobasidium;Ceratobasidium_niltonsouzanum
MW175346.1;Eukaryota;Ascomycota;dothideomyceta;Pleosporales;Pleosporaceae;Neocamarosporium;Neocamarosporium_leipoldtiae
HM802135.1;Eukaryota;Basidiomycota;Opisthokonta;Trichosporonales;Trichosporonaceae;Cutaneotrichosporon;Cutaneotrichosporon_oleaginosum
HG977201.1;Eukaryota;Mucoromycota;Opisthokonta;Archaeosporales;Archaeosporaceae;Archaeospora;Archaeospora_spainiae
AF444415.1;Eukaryota;Basidiomycota;Opisthokonta;Trichosporonales;Trichosporonaceae;Cutaneotrichosporon;Cutaneotrichosporon_moniliiforme
KJ707106.1;Eukaryota;Basidiomycota;Opisthokonta;Sporidiobolales;Sporidiobolaceae;Rhodotorula;Rhodotorula_babjevae
MN450322.1;Eukaryota;Oomycota;Stramenopiles;Peronosporales;Peronosporaceae;Peronospora;Peronospora_teucrii
MG136840.1;Eukaryota;Basidiomycota;Opisthokonta;Thelephorales;Thelephoraceae;Tomentella;Tomentella_lammiensis
MT441588.1;Eukaryota;Ascomycota;sordariomyceta;Hypocreales;Nectriaceae;Fusarium;Fusarium_sambucinum
KY462820.1;Eukaryota;Ascomycota;sordariomyceta;Helotiales;Calloriaceae;Duebenia;Duebenia_compta
AB027369.1;Eukaryota;Ascomycota;sordariomyceta;Hypocreales;Ophiocordycipitaceae;Tolypocladium;Tolypocladium_paradoxum
AB255605.1;Eukaryota;Ascomycota;sordariomyceta;Hypocreales;Clavicipitaceae;Claviceps;Claviceps_panicoidearum
MW016559.1;Eukaryota;Ascomycota;sordariomyceta;Hypocreales;Nectriaceae;Fusarium;Fusarium_stilboides
MT085737.1;Eukaryota;Chytridiomycota;Opisthokonta;Neocallimastigales;Neocallimastigaceae;Aklioshbomyces;Aklioshbomyces_papillarum
MN047087.1;Eukaryota;Ascomycota;dothideomyceta;Pleosporales;unidentified;Amarenographium;Amarenographium_ammophilicola
MK894297.1;Eukaryota;Ascomycota;sordariomyceta;Helotiales;unidentified;Pseudotryblidium;Pseudotryblidium_neesii
MG865472.1;Eukaryota;Oomycota;Stramenopiles;Peronosporales;Peronosporaceae;Phytophthora;Phytophthora_chrysanthemi
AB457006.1;Eukaryota;Ascomycota;sordariomyceta;Hypocreales;Ophiocordycipitaceae;Tolypocladium;Tolypocladium_ovalisporum
MT279746.1;Eukaryota;Basidiomycota;Opisthokonta;Trichosporonales;Trichosporonaceae;Cutaneotrichosporon;Cutaneotrichosporon_jirovecii
KF777144.1;Eukaryota;Ascomycota;sordariomyceta;Hypocreales;Nectriaceae;Chaetopsina;Chaetopsina_pini
KT736106.1;Eukaryota;Mucoromycota;Opisthokonta;Mucorales;Mucoraceae;Mucor;Mucor_lilianae
FJ746648.1;Eukaryota;Oomycota;Stramenopiles;Peronosporales;Peronosporaceae;Phytophthora;Phytophthora_pistaciae
MZ159482.1;Eukaryota;Ascomycota;sordariomyceta;Helotiales;Heterosphaeriaceae;Heterosphaeria;Heterosphaeria_patella
MK442597.1;Eukaryota;Ascomycota;dothideomyceta;Pleosporales;Dothidotthiaceae;Dothidotthia;Dothidotthia_negundinicola
MT734670.1;Eukaryota;Oomycota;Stramenopiles;Peronosporales;Peronosporaceae;Peronospora;Peronospora_clinopodii
MG865491.1;Eukaryota;Oomycota;Stramenopiles;Peronosporales;Peronosporaceae;Phytophthora;Phytophthora_fluvialis
EF452456.1;Eukaryota;Ascomycota;dothideomyceta;Pleosporales;Pleosporaceae;Pyrenophora;Pyrenophora_bromi
HQ696658.1;Eukaryota;Ascomycota;sordariomyceta;Helotiales;Tricladiaceae;Spirosphaera;Spirosphaera_floriformis
HQ643711.1;Eukaryota;Oomycota;Stramenopiles;Pythiales;Pythiaceae;Globisporangium;Globisporangium_nunn
KM248770.1;Eukaryota;Ascomycota;saccharomyceta;Orbiliales;Orbiliaceae;Orbilia;Orbilia_scolecospora
