"Sample_ID"	"ID_S"	"Name"	"run_name"	"flowcell"	"barcode"	"Year"	"date"	"Site"	"Field"	"DOY"	"SampleType"
"Q_17"	"Q_17"	"vanh_2022_1"	"VANH_2022_R1"	"FAS14998"	17	2022	"05-06-2022"	"VANH"	"SL5"	155	"Field"
"Q_18"	"Q_18"	"vanh_2022_2"	"VANH_2022_R1"	"FAS14998"	18	2022	"07-06-2022"	"VANH"	"SL5"	157	"Field"
"Q_19"	"Q_19"	"vanh_2022_3"	"VANH_2022_R1"	"FAS14998"	19	2022	"09-06-2022"	"VANH"	"SL5"	159	"Field"
"Q_20"	"Q_20"	"vanh_2022_4"	"VANH_2022_R1"	"FAS14998"	20	2022	"12-06-2022"	"VANH"	"SL5"	162	"Field"
"Q_21"	"Q_21"	"vanh_2022_5"	"VANH_2022_R1"	"FAS14998"	21	2022	"14-06-2022"	"VANH"	"SL5"	164	"Field"
"Q_22"	"Q_22"	"vanh_2022_6"	"VANH_2022_R1"	"FAS14998"	22	2022	"16-06-2022"	"VANH"	"SL5"	166	"Field"
"Q_23"	"Q_23"	"vanh_2022_7"	"VANH_2022_R1"	"FAS14998"	23	2022	"19-06-2022"	"VANH"	"SL5"	169	"Field"
"Q_24"	"Q_24"	"vanh_2022_8"	"VANH_2022_R1"	"FAS14998"	24	2022	"21-06-2022"	"VANH"	"SL5"	171	"Field"
"Q_25"	"Q_25"	"vanh_2022_9"	"VANH_2022_R1"	"FAS14998"	25	2022	"23-06-2022"	"VANH"	"SL5"	173	"Field"
"Q_26"	"Q_26"	"vanh_2022_10"	"VANH_2022_R1"	"FAS14998"	26	2022	"26-06-2022"	"VANH"	"SL5"	176	"Field"
"Q_27"	"Q_27"	"vanh_2022_11"	"VANH_2022_R1"	"FAS14998"	27	2022	"28-06-2022"	"VANH"	"SL5"	178	"Field"
"Q_28"	"Q_28"	"vanh_2022_12"	"VANH_2022_R1"	"FAS14998"	28	2022	"30-06-2022"	"VANH"	"SL5"	180	"Field"
"Q_29"	"Q_29"	"vanh_2022_13"	"VANH_2022_R1"	"FAS14998"	29	2022	"03-07-2022"	"VANH"	"SL5"	183	"Field"
"Q_30"	"Q_30"	"vanh_2022_14"	"VANH_2022_R1"	"FAS14998"	30	2022	"07-07-2022"	"VANH"	"SL5"	187	"Field"
"Q_31"	"Q_31"	"vanh_2022_15"	"VANH_2022_R1"	"FAS14998"	31	2022	"10-07-2022"	"VANH"	"SL5"	190	"Field"
"Q_32"	"Q_32"	"vanh_2022_16"	"VANH_2022_R1"	"FAS14998"	32	2022	"12-07-2022"	"VANH"	"SL5"	192	"Field"
"P_33"	"P_33"	"vanh_2022_17"	"VANH_2022_R2"	"FAS15036"	33	2022	"14-07-2022"	"VANH"	"SL5"	194	"Field"
"P_34"	"P_34"	"vanh_2022_18"	"VANH_2022_R2"	"FAS15036"	34	2022	"17-07-2022"	"VANH"	"SL5"	197	"Field"
"P_35"	"P_35"	"vanh_2022_19"	"VANH_2022_R2"	"FAS15036"	35	2022	"19-07-2022"	"VANH"	"SL5"	199	"Field"
"P_36"	"P_36"	"vanh_2022_20"	"VANH_2022_R2"	"FAS15036"	36	2022	"21-07-2022"	"VANH"	"SL5"	201	"Field"
"P_37"	"P_37"	"vanh_2022_21"	"VANH_2022_R2"	"FAS15036"	37	2022	"24-07-2022"	"VANH"	"SL5"	204	"Field"
"P_38"	"P_38"	"vanh_2022_22"	"VANH_2022_R2"	"FAS15036"	38	2022	"26-07-2022"	"VANH"	"SL5"	206	"Field"
"P_39"	"P_39"	"vanh_2022_23"	"VANH_2022_R2"	"FAS15036"	39	2022	"28-07-2022"	"VANH"	"SL5"	208	"Field"
"P_40"	"P_40"	"vanh_2022_24"	"VANH_2022_R2"	"FAS15036"	40	2022	"31-07-2022"	"VANH"	"SL5"	211	"Field"
"P_41"	"P_41"	"vanh_2022_25"	"VANH_2022_R2"	"FAS15036"	41	2022	"02-08-2022"	"VANH"	"SL5"	213	"Field"
"P_42"	"P_42"	"vanh_2022_26"	"VANH_2022_R2"	"FAS15036"	42	2022	"04-08-2022"	"VANH"	"SL5"	215	"Field"
"P_43"	"P_43"	"vanh_2022_27"	"VANH_2022_R2"	"FAS15036"	43	2022	"07-08-2022"	"VANH"	"SL5"	218	"Field"
"P_44"	"P_44"	"vanh_2022_28"	"VANH_2022_R2"	"FAS15036"	44	2022	"09-08-2022"	"VANH"	"SL5"	220	"Field"
"P_45"	"P_45"	"vanh_2022_29"	"VANH_2022_R2"	"FAS15036"	45	2022	"11-08-2022"	"VANH"	"SL5"	222	"Field"
"P_46"	"P_46"	"vanh_2022_30"	"VANH_2022_R2"	"FAS15036"	46	2022	"14-08-2022"	"VANH"	"SL5"	225	"Field"
"P_47"	"P_47"	"vanh_2022_31"	"VANH_2022_R2"	"FAS15036"	47	2022	"16-08-2022"	"VANH"	"SL5"	227	"Field"
"P_48"	"P_48"	"vanh_2022_32"	"VANH_2022_R2"	"FAS15036"	48	2022	"18-08-2022"	"VANH"	"SL5"	229	"Field"
"Y_01"	"Y_1"	"delf_2022_1"	"DELF_2022_R1"	"FAS11344"	1	2022	"05-06-2022"	"DELF"	100	155	"Field"
"Y_02"	"Y_2"	"delf_2022_2"	"DELF_2022_R1"	"FAS11344"	2	2022	"07-06-2022"	"DELF"	100	157	"Field"
"Y_03"	"Y_3"	"delf_2022_3"	"DELF_2022_R1"	"FAS11344"	3	2022	"09-06-2022"	"DELF"	100	159	"Field"
"Y_04"	"Y_4"	"delf_2022_4"	"DELF_2022_R1"	"FAS11344"	4	2022	"12-06-2022"	"DELF"	100	162	"Field"
"Y_05"	"Y_5"	"delf_2022_5"	"DELF_2022_R1"	"FAS11344"	5	2022	"16-06-2022"	"DELF"	100	166	"Field"
"Y_06"	"Y_6"	"delf_2022_6"	"DELF_2022_R1"	"FAS11344"	6	2022	"19-06-2022"	"DELF"	100	169	"Field"
"Y_07"	"Y_7"	"delf_2022_7"	"DELF_2022_R1"	"FAS11344"	7	2022	"23-06-2022"	"DELF"	100	173	"Field"
"Y_08"	"Y_8"	"delf_2022_8"	"DELF_2022_R1"	"FAS11344"	8	2022	"26-06-2022"	"DELF"	100	176	"Field"
"Y_09"	"Y_9"	"delf_2022_9"	"DELF_2022_R1"	"FAS11344"	9	2022	"28-06-2022"	"DELF"	100	178	"Field"
"Y_10"	"Y_10"	"delf_2022_10"	"DELF_2022_R1"	"FAS11344"	10	2022	"30-06-2022"	"DELF"	100	180	"Field"
"Y_11"	"Y_11"	"delf_2022_11"	"DELF_2022_R1"	"FAS11344"	11	2022	"03-07-2022"	"DELF"	100	183	"Field"
"Y_12"	"Y_12"	"delf_2022_12"	"DELF_2022_R1"	"FAS11344"	12	2022	"05-07-2022"	"DELF"	100	185	"Field"
"Y_13"	"Y_13"	"delf_2022_13"	"DELF_2022_R1"	"FAS11344"	13	2022	"07-07-2022"	"DELF"	100	187	"Field"
"Y_14"	"Y_14"	"delf_2022_14"	"DELF_2022_R1"	"FAS11344"	14	2022	"10-07-2022"	"DELF"	100	190	"Field"
"X_01"	"X_1"	"delf_2022_15"	"DELF_2022_R2"	"FAS11193"	1	2022	"12-07-2022"	"DELF"	100	192	"Field"
"X_02"	"X_2"	"delf_2022_16"	"DELF_2022_R2"	"FAS11193"	2	2022	"14-07-2022"	"DELF"	100	194	"Field"
"X_03"	"X_3"	"delf_2022_17"	"DELF_2022_R2"	"FAS11193"	3	2022	"17-07-2022"	"DELF"	100	197	"Field"
"X_04"	"X_4"	"delf_2022_18"	"DELF_2022_R2"	"FAS11193"	4	2022	"19-07-2022"	"DELF"	100	199	"Field"
"X_05"	"X_5"	"delf_2022_19"	"DELF_2022_R2"	"FAS11193"	5	2022	"21-07-2022"	"DELF"	100	201	"Field"
"X_06"	"X_6"	"delf_2022_20"	"DELF_2022_R2"	"FAS11193"	6	2022	"24-07-2022"	"DELF"	100	204	"Field"
"X_07"	"X_7"	"delf_2022_21"	"DELF_2022_R2"	"FAS11193"	7	2022	"26-07-2022"	"DELF"	100	206	"Field"
"X_08"	"X_8"	"delf_2022_22"	"DELF_2022_R2"	"FAS11193"	8	2022	"28-07-2022"	"DELF"	100	208	"Field"
"X_09"	"X_9"	"delf_2022_23"	"DELF_2022_R2"	"FAS11193"	9	2022	"31-07-2022"	"DELF"	100	211	"Field"
"X_10"	"X_10"	"delf_2022_24"	"DELF_2022_R2"	"FAS11193"	10	2022	"02-08-2022"	"DELF"	100	213	"Field"
"X_11"	"X_11"	"delf_2022_25"	"DELF_2022_R2"	"FAS11193"	11	2022	"07-08-2022"	"DELF"	100	218	"Field"
"X_12"	"X_12"	"delf_2022_26"	"DELF_2022_R2"	"FAS11193"	12	2022	"11-08-2022"	"DELF"	100	222	"Field"
"X_13"	"X_13"	"delf_2022_27"	"DELF_2022_R2"	"FAS11193"	13	2022	"14-08-2022"	"DELF"	100	225	"Field"
"X_14"	"X_14"	"delf_2022_28"	"DELF_2022_R2"	"FAS11193"	14	2022	"18-08-2022"	"DELF"	100	229	"Field"
"U_01"	"U_1"	"guej_2022_1"	"GUEJ_2022_R1"	"FAS13225"	1	2022	"02-06-2022"	"GUEJ"	"L1"	152	"Field"
"U_02"	"U_2"	"guej_2022_2"	"GUEJ_2022_R1"	"FAS13225"	2	2022	"05-06-2022"	"GUEJ"	"L1"	155	"Field"
"U_03"	"U_3"	"guej_2022_3"	"GUEJ_2022_R1"	"FAS13225"	3	2022	"09-06-2022"	"GUEJ"	"L1"	159	"Field"
"U_04"	"U_4"	"guej_2022_4"	"GUEJ_2022_R1"	"FAS13225"	4	2022	"12-06-2022"	"GUEJ"	"L1"	162	"Field"
"U_05"	"U_5"	"guej_2022_5"	"GUEJ_2022_R1"	"FAS13225"	5	2022	"14-06-2022"	"GUEJ"	"L1"	164	"Field"
"U_06"	"U_6"	"guej_2022_6"	"GUEJ_2022_R1"	"FAS13225"	6	2022	"16-06-2022"	"GUEJ"	"L1"	166	"Field"
"U_07"	"U_7"	"guej_2022_7"	"GUEJ_2022_R1"	"FAS13225"	7	2022	"19-06-2022"	"GUEJ"	"L1"	169	"Field"
"U_08"	"U_8"	"guej_2022_8"	"GUEJ_2022_R1"	"FAS13225"	8	2022	"21-06-2022"	"GUEJ"	"L1"	171	"Field"
"U_09"	"U_9"	"guej_2022_9"	"GUEJ_2022_R1"	"FAS13225"	9	2022	"23-06-2022"	"GUEJ"	"L1"	173	"Field"
"U_10"	"U_10"	"guej_2022_10"	"GUEJ_2022_R1"	"FAS13225"	10	2022	"26-06-2022"	"GUEJ"	"L1"	176	"Field"
"U_11"	"U_11"	"guej_2022_11"	"GUEJ_2022_R1"	"FAS13225"	11	2022	"28-06-2022"	"GUEJ"	"L1"	178	"Field"
"U_12"	"U_12"	"guej_2022_12"	"GUEJ_2022_R1"	"FAS13225"	12	2022	"30-06-2022"	"GUEJ"	"L1"	180	"Field"
"U_13"	"U_13"	"guej_2022_13"	"GUEJ_2022_R1"	"FAS13225"	13	2022	"03-07-2022"	"GUEJ"	"L1"	183	"Field"
"U_14"	"U_14"	"guej_2022_14"	"GUEJ_2022_R1"	"FAS13225"	14	2022	"05-07-2022"	"GUEJ"	"L1"	185	"Field"
"U_15"	"U_15"	"guej_2022_15"	"GUEJ_2022_R1"	"FAS13225"	15	2022	"07-07-2022"	"GUEJ"	"L1"	187	"Field"
"U_16"	"U_16"	"guej_2022_16"	"GUEJ_2022_R1"	"FAS13225"	16	2022	"10-07-2022"	"GUEJ"	"L1"	190	"Field"
"T_01"	"T_1"	"guej_2022_17"	"GUEJ_2022_R2"	"FAS7593"	1	2022	"14-07-2022"	"GUEJ"	"L1"	194	"Field"
"T_02"	"T_2"	"guej_2022_18"	"GUEJ_2022_R2"	"FAS7593"	2	2022	"17-07-2022"	"GUEJ"	"L1"	197	"Field"
"T_03"	"T_3"	"guej_2022_19"	"GUEJ_2022_R2"	"FAS7593"	3	2022	"19-07-2022"	"GUEJ"	"L1"	199	"Field"
"T_04"	"T_4"	"guej_2022_20"	"GUEJ_2022_R2"	"FAS7593"	4	2022	"21-07-2022"	"GUEJ"	"L1"	201	"Field"
"T_05"	"T_5"	"guej_2022_21"	"GUEJ_2022_R2"	"FAS7593"	5	2022	"24-07-2022"	"GUEJ"	"L1"	204	"Field"
"T_06"	"T_6"	"guej_2022_22"	"GUEJ_2022_R2"	"FAS7593"	6	2022	"26-07-2022"	"GUEJ"	"L1"	206	"Field"
"T_07"	"T_7"	"guej_2022_23"	"GUEJ_2022_R2"	"FAS7593"	7	2022	"28-07-2022"	"GUEJ"	"L1"	208	"Field"
"T_08"	"T_8"	"guej_2022_24"	"GUEJ_2022_R2"	"FAS7593"	8	2022	"31-07-2022"	"GUEJ"	"L1"	211	"Field"
"T_09"	"T_9"	"guej_2022_25"	"GUEJ_2022_R2"	"FAS7593"	9	2022	"04-08-2022"	"GUEJ"	"L1"	215	"Field"
"T_10"	"T_10"	"guej_2022_26"	"GUEJ_2022_R2"	"FAS7593"	10	2022	"07-08-2022"	"GUEJ"	"L1"	218	"Field"
"T_11"	"T_11"	"guej_2022_27"	"GUEJ_2022_R2"	"FAS7593"	11	2022	"09-08-2022"	"GUEJ"	"L1"	220	"Field"
"T_12"	"T_12"	"guej_2022_28"	"GUEJ_2022_R2"	"FAS7593"	12	2022	"11-08-2022"	"GUEJ"	"L1"	222	"Field"
"T_13"	"T_13"	"guej_2022_29"	"GUEJ_2022_R2"	"FAS7593"	13	2022	"02-08-2022"	"GUEJ"	"L1"	213	"Field"
"T_14"	"T_14"	"guej_2022_30"	"GUEJ_2022_R2"	"FAS7593"	14	2022	"14-08-2022"	"GUEJ"	"L1"	225	"Field"
"T_15"	"T_15"	"guej_2022_31"	"GUEJ_2022_R2"	"FAS7593"	15	2022	"16-08-2022"	"GUEJ"	"L1"	227	"Field"
"T_16"	"T_16"	"guej_2022_32"	"GUEJ_2022_R2"	"FAS7593"	16	2022	"18-08-2022"	"GUEJ"	"L1"	229	"Field"
"S_01"	"S_1"	"vern_2022_1"	"VERN_2022_R1"	"FAT25084"	1	2022	"05-06-2022"	"VERN"	"SH-02"	155	"Field"
"S_02"	"S_2"	"vern_2022_2"	"VERN_2022_R1"	"FAT25084"	2	2022	"07-06-2022"	"VERN"	"SH-02"	157	"Field"
"S_03"	"S_3"	"vern_2022_3"	"VERN_2022_R1"	"FAT25084"	3	2022	"09-06-2022"	"VERN"	"SH-02"	159	"Field"
"S_04"	"S_4"	"vern_2022_4"	"VERN_2022_R1"	"FAT25084"	4	2022	"12-06-2022"	"VERN"	"SH-02"	162	"Field"
"S_05"	"S_5"	"vern_2022_5"	"VERN_2022_R1"	"FAT25084"	5	2022	"14-06-2022"	"VERN"	"SH-02"	164	"Field"
"S_06"	"S_6"	"vern_2022_6"	"VERN_2022_R1"	"FAT25084"	6	2022	"16-06-2022"	"VERN"	"SH-02"	166	"Field"
"S_07"	"S_7"	"vern_2022_7"	"VERN_2022_R1"	"FAT25084"	7	2022	"21-06-2022"	"VERN"	"SH-02"	171	"Field"
"S_08"	"S_8"	"vern_2022_8"	"VERN_2022_R1"	"FAT25084"	8	2022	"23-06-2022"	"VERN"	"SH-02"	173	"Field"
"S_09"	"S_9"	"vern_2022_9"	"VERN_2022_R1"	"FAT25084"	9	2022	"26-06-2022"	"VERN"	"SH-02"	176	"Field"
"S_10"	"S_10"	"vern_2022_10"	"VERN_2022_R1"	"FAT25084"	10	2022	"28-06-2022"	"VERN"	"SH-02"	178	"Field"
"S_11"	"S_11"	"vern_2022_11"	"VERN_2022_R1"	"FAT25084"	11	2022	"30-06-2022"	"VERN"	"SH-02"	180	"Field"
"S_12"	"S_12"	"vern_2022_12"	"VERN_2022_R1"	"FAT25084"	12	2022	"07-07-2022"	"VERN"	"SH-02"	187	"Field"
"S_13"	"S_13"	"vern_2022_13"	"VERN_2022_R1"	"FAT25084"	13	2022	"10-07-2022"	"VERN"	"SH-02"	190	"Field"
"S_14"	"S_14"	"vern_2022_14"	"VERN_2022_R1"	"FAT25084"	14	2022	"12-07-2022"	"VERN"	"SH-02"	192	"Field"
"S_15"	"S_15"	"vern_2022_15"	"VERN_2022_R1"	"FAT25084"	15	2022	"14-07-2022"	"VERN"	"SH-02"	194	"Field"
"S_16"	"S_16"	"vern_2022_16"	"VERN_2022_R1"	"FAT25084"	16	2022	"17-07-2022"	"VERN"	"SH-02"	197	"Field"
"R_17"	"R_17"	"vern_2022_17"	"VERN_2022_R2"	"FAS17070"	17	2022	"19-07-2022"	"VERN"	"SH-02"	199	"Field"
"R_18"	"R_18"	"vern_2022_18"	"VERN_2022_R2"	"FAS17070"	18	2022	"21-07-2022"	"VERN"	"SH-02"	201	"Field"
"R_19"	"R_19"	"vern_2022_19"	"VERN_2022_R2"	"FAS17070"	19	2022	"24-07-2022"	"VERN"	"SH-02"	204	"Field"
"R_20"	"R_20"	"vern_2022_20"	"VERN_2022_R2"	"FAS17070"	20	2022	"26-07-2022"	"VERN"	"SH-02"	206	"Field"
"R_21"	"R_21"	"vern_2022_21"	"VERN_2022_R2"	"FAS17070"	21	2022	"28-07-2022"	"VERN"	"SH-02"	208	"Field"
"R_22"	"R_22"	"vern_2022_22"	"VERN_2022_R2"	"FAS17070"	22	2022	"31-07-2022"	"VERN"	"SH-02"	211	"Field"
"R_23"	"R_23"	"vern_2022_23"	"VERN_2022_R2"	"FAS17070"	23	2022	"02-08-2022"	"VERN"	"SH-02"	213	"Field"
"R_24"	"R_24"	"vern_2022_24"	"VERN_2022_R2"	"FAS17070"	24	2022	"04-08-2022"	"VERN"	"SH-02"	215	"Field"
"R_25"	"R_25"	"vern_2022_25"	"VERN_2022_R2"	"FAS17070"	25	2022	"07-08-2022"	"VERN"	"SH-02"	218	"Field"
"R_26"	"R_26"	"vern_2022_26"	"VERN_2022_R2"	"FAS17070"	26	2022	"09-08-2022"	"VERN"	"SH-02"	220	"Field"
"R_27"	"R_27"	"vern_2022_27"	"VERN_2022_R2"	"FAS17070"	27	2022	"11-08-2022"	"VERN"	"SH-02"	222	"Field"
"R_28"	"R_28"	"vern_2022_28"	"VERN_2022_R2"	"FAS17070"	28	2022	"14-08-2022"	"VERN"	"SH-02"	225	"Field"
"R_29"	"R_29"	"vern_2022_29"	"VERN_2022_R2"	"FAS17070"	29	2022	"16-08-2022"	"VERN"	"SH-02"	227	"Field"
"R_30"	"R_30"	"vern_2022_30"	"VERN_2022_R2"	"FAS17070"	30	2022	"18-08-2022"	"VERN"	"SH-02"	229	"Field"
"O_49"	"O_49"	"vanw_2022_1"	"VANW_2022_R1"	"FAS76472"	49	2022	"05-06-2022"	"VANW"	71	155	"Field"
"O_50"	"O_50"	"vanw_2022_2"	"VANW_2022_R1"	"FAS76472"	50	2022	"09-06-2022"	"VANW"	71	159	"Field"
"O_51"	"O_51"	"vanw_2022_3"	"VANW_2022_R1"	"FAS76472"	51	2022	"12-06-2022"	"VANW"	71	162	"Field"
"O_52"	"O_52"	"vanw_2022_4"	"VANW_2022_R1"	"FAS76472"	52	2022	"14-06-2022"	"VANW"	71	164	"Field"
"O_53"	"O_53"	"vanw_2022_5"	"VANW_2022_R1"	"FAS76472"	53	2022	"16-06-2022"	"VANW"	71	166	"Field"
"O_54"	"O_54"	"vanw_2022_6"	"VANW_2022_R1"	"FAS76472"	54	2022	"19-06-2022"	"VANW"	71	169	"Field"
"O_55"	"O_55"	"vanw_2022_7"	"VANW_2022_R1"	"FAS76472"	55	2022	"21-06-2022"	"VANW"	71	171	"Field"
"O_56"	"O_56"	"vanw_2022_8"	"VANW_2022_R1"	"FAS76472"	56	2022	"23-06-2022"	"VANW"	71	173	"Field"
"O_57"	"O_57"	"vanw_2022_9"	"VANW_2022_R1"	"FAS76472"	57	2022	"26-06-2022"	"VANW"	71	176	"Field"
"O_58"	"O_58"	"vanw_2022_10"	"VANW_2022_R1"	"FAS76472"	58	2022	"28-06-2022"	"VANW"	71	178	"Field"
"O_59"	"O_59"	"vanw_2022_11"	"VANW_2022_R1"	"FAS76472"	59	2022	"30-06-2022"	"VANW"	71	180	"Field"
"O_60"	"O_60"	"vanw_2022_12"	"VANW_2022_R1"	"FAS76472"	60	2022	"03-07-2022"	"VANW"	71	183	"Field"
"O_61"	"O_61"	"vanw_2022_13"	"VANW_2022_R1"	"FAS76472"	61	2022	"05-07-2022"	"VANW"	71	185	"Field"
"O_62"	"O_62"	"vanw_2022_14"	"VANW_2022_R1"	"FAS76472"	62	2022	"10-07-2022"	"VANW"	71	190	"Field"
"O_63"	"O_63"	"vanw_2022_15"	"VANW_2022_R1"	"FAS76472"	63	2022	"12-07-2022"	"VANW"	71	192	"Field"
"O_64"	"O_64"	"vanw_2022_16"	"VANW_2022_R1"	"FAS76472"	64	2022	"14-07-2022"	"VANW"	71	194	"Field"
"N_65"	"N_65"	"vanw_2022_17"	"VANW_2022_R2"	"FAS17269"	65	2022	"17-07-2022"	"VANW"	71	197	"Field"
"N_66"	"N_66"	"vanw_2022_18"	"VANW_2022_R2"	"FAS17269"	66	2022	"19-07-2022"	"VANW"	71	199	"Field"
"N_67"	"N_67"	"vanw_2022_19"	"VANW_2022_R2"	"FAS17269"	67	2022	"21-07-2022"	"VANW"	71	201	"Field"
"N_68"	"N_68"	"vanw_2022_20"	"VANW_2022_R2"	"FAS17269"	68	2022	"24-07-2022"	"VANW"	71	204	"Field"
"N_69"	"N_69"	"vanw_2022_21"	"VANW_2022_R2"	"FAS17269"	69	2022	"26-07-2022"	"VANW"	71	206	"Field"
"N_70"	"N_70"	"vanw_2022_22"	"VANW_2022_R2"	"FAS17269"	70	2022	"28-07-2022"	"VANW"	71	208	"Field"
"N_71"	"N_71"	"vanw_2022_23"	"VANW_2022_R2"	"FAS17269"	71	2022	"31-07-2022"	"VANW"	71	211	"Field"
"N_72"	"N_72"	"vanw_2022_24"	"VANW_2022_R2"	"FAS17269"	72	2022	"02-08-2022"	"VANW"	71	213	"Field"
"N_73"	"N_73"	"vanw_2022_25"	"VANW_2022_R2"	"FAS17269"	73	2022	"04-08-2022"	"VANW"	71	215	"Field"
"N_74"	"N_74"	"vanw_2022_26"	"VANW_2022_R2"	"FAS17269"	74	2022	"07-08-2022"	"VANW"	71	218	"Field"
"N_75"	"N_75"	"vanw_2022_27"	"VANW_2022_R2"	"FAS17269"	75	2022	"09-08-2022"	"VANW"	71	220	"Field"
"N_76"	"N_76"	"vanw_2022_28"	"VANW_2022_R2"	"FAS17269"	76	2022	"11-08-2022"	"VANW"	71	222	"Field"
"N_77"	"N_77"	"vanw_2022_29"	"VANW_2022_R2"	"FAS17269"	77	2022	"14-08-2022"	"VANW"	71	225	"Field"
"N_78"	"N_78"	"vanw_2022_30"	"VANW_2022_R2"	"FAS17269"	78	2022	"16-08-2022"	"VANW"	71	227	"Field"
"W_33"	"W_33"	"diec_2022_1"	"DIEC_2022_R1"	"FAT26133"	33	2022	"05-06-2022"	"DIEC"	21	155	"Field"
"W_34"	"W_34"	"diec_2022_2"	"DIEC_2022_R1"	"FAT26133"	34	2022	"09-06-2022"	"DIEC"	21	159	"Field"
"W_35"	"W_35"	"diec_2022_3"	"DIEC_2022_R1"	"FAT26133"	35	2022	"12-06-2022"	"DIEC"	21	162	"Field"
"W_36"	"W_36"	"diec_2022_4"	"DIEC_2022_R1"	"FAT26133"	36	2022	"14-06-2022"	"DIEC"	21	164	"Field"
"W_37"	"W_37"	"diec_2022_5"	"DIEC_2022_R1"	"FAT26133"	37	2022	"16-06-2022"	"DIEC"	21	166	"Field"
"W_38"	"W_38"	"diec_2022_6"	"DIEC_2022_R1"	"FAT26133"	38	2022	"19-06-2022"	"DIEC"	21	169	"Field"
"W_39"	"W_39"	"diec_2022_7"	"DIEC_2022_R1"	"FAT26133"	39	2022	"21-06-2022"	"DIEC"	21	171	"Field"
"W_40"	"W_40"	"diec_2022_8"	"DIEC_2022_R1"	"FAT26133"	40	2022	"23-06-2022"	"DIEC"	21	173	"Field"
"W_41"	"W_41"	"diec_2022_9"	"DIEC_2022_R1"	"FAT26133"	41	2022	"26-06-2022"	"DIEC"	21	176	"Field"
"W_42"	"W_42"	"diec_2022_10"	"DIEC_2022_R1"	"FAT26133"	42	2022	"28-06-2022"	"DIEC"	21	178	"Field"
"W_43"	"W_43"	"diec_2022_11"	"DIEC_2022_R1"	"FAT26133"	43	2022	"30-06-2022"	"DIEC"	21	180	"Field"
"W_44"	"W_44"	"diec_2022_12"	"DIEC_2022_R1"	"FAT26133"	44	2022	"03-07-2022"	"DIEC"	21	183	"Field"
"W_45"	"W_45"	"diec_2022_13"	"DIEC_2022_R1"	"FAT26133"	45	2022	"05-07-2022"	"DIEC"	21	185	"Field"
"W_46"	"W_46"	"diec_2022_14"	"DIEC_2022_R1"	"FAT26133"	46	2022	"07-07-2022"	"DIEC"	21	187	"Field"
"W_47"	"W_47"	"diec_2022_15"	"DIEC_2022_R1"	"FAT26133"	47	2022	"10-07-2022"	"DIEC"	21	190	"Field"
"W_48"	"W_48"	"diec_2022_16"	"DIEC_2022_R1"	"FAT26133"	48	2022	"12-07-2022"	"DIEC"	21	192	"Field"
"V_49"	"V_49"	"diec_2022_17"	"DIEC_2022_R2"	"FAT24841"	49	2022	"14-07-2022"	"DIEC"	21	194	"Field"
"V_50"	"V_50"	"diec_2022_18"	"DIEC_2022_R2"	"FAT24841"	50	2022	"17-07-2022"	"DIEC"	21	197	"Field"
"V_51"	"V_51"	"diec_2022_19"	"DIEC_2022_R2"	"FAT24841"	51	2022	"19-07-2022"	"DIEC"	21	199	"Field"
"V_52"	"V_52"	"diec_2022_20"	"DIEC_2022_R2"	"FAT24841"	52	2022	"21-07-2022"	"DIEC"	21	201	"Field"
"V_53"	"V_53"	"diec_2022_21"	"DIEC_2022_R2"	"FAT24841"	53	2022	"24-07-2022"	"DIEC"	21	204	"Field"
"V_54"	"V_54"	"diec_2022_22"	"DIEC_2022_R2"	"FAT24841"	54	2022	"26-07-2022"	"DIEC"	21	206	"Field"
"V_55"	"V_55"	"diec_2022_23"	"DIEC_2022_R2"	"FAT24841"	55	2022	"28-07-2022"	"DIEC"	21	208	"Field"
"V_56"	"V_56"	"diec_2022_24"	"DIEC_2022_R2"	"FAT24841"	56	2022	"31-07-2022"	"DIEC"	21	211	"Field"
"V_57"	"V_57"	"diec_2022_25"	"DIEC_2022_R2"	"FAT24841"	57	2022	"02-08-2022"	"DIEC"	21	213	"Field"
"V_58"	"V_58"	"diec_2022_26"	"DIEC_2022_R2"	"FAT24841"	58	2022	"04-08-2022"	"DIEC"	21	215	"Field"
"V_59"	"V_59"	"diec_2022_27"	"DIEC_2022_R2"	"FAT24841"	59	2022	"07-08-2022"	"DIEC"	21	218	"Field"
"V_60"	"V_60"	"diec_2022_28"	"DIEC_2022_R2"	"FAT24841"	60	2022	"09-08-2022"	"DIEC"	21	220	"Field"
"V_61"	"V_61"	"diec_2022_29"	"DIEC_2022_R2"	"FAT24841"	61	2022	"11-08-2022"	"DIEC"	21	222	"Field"
"V_62"	"V_62"	"diec_2022_30"	"DIEC_2022_R2"	"FAT24841"	62	2022	"14-08-2022"	"DIEC"	21	225	"Field"
"V_63"	"V_63"	"diec_2022_31"	"DIEC_2022_R2"	"FAT24841"	63	2022	"16-08-2022"	"DIEC"	21	227	"Field"
"V_64"	"V_64"	"diec_2022_32"	"DIEC_2022_R2"	"FAT24841"	64	2022	"18-08-2022"	"DIEC"	21	229	"Field"
"M_01"	"M_1"	"delf_2021_1"	"DELF_2021_R1"	"FAS13377"	1	2021	"03-06-2021"	"DELF"	60	153	"Field"
"M_02"	"M_2"	"delf_2021_2"	"DELF_2021_R1"	"FAS13377"	2	2021	"06-06-2021"	"DELF"	60	156	"Field"
"M_03"	"M_3"	"delf_2021_3"	"DELF_2021_R1"	"FAS13377"	3	2021	"08-06-2021"	"DELF"	60	158	"Field"
"M_04"	"M_4"	"delf_2021_4"	"DELF_2021_R1"	"FAS13377"	4	2021	"10-06-2021"	"DELF"	60	160	"Field"
"M_05"	"M_5"	"delf_2021_5"	"DELF_2021_R1"	"FAS13377"	5	2021	"13-06-2021"	"DELF"	60	163	"Field"
"M_06"	"M_6"	"delf_2021_6"	"DELF_2021_R1"	"FAS13377"	6	2021	"15-06-2021"	"DELF"	60	165	"Field"
"M_07"	"M_7"	"delf_2021_7"	"DELF_2021_R1"	"FAS13377"	7	2021	"20-06-2021"	"DELF"	60	170	"Field"
"M_08"	"M_8"	"delf_2021_8"	"DELF_2021_R1"	"FAS13377"	8	2021	"24-06-2021"	"DELF"	60	174	"Field"
"M_09"	"M_9"	"delf_2021_9"	"DELF_2021_R1"	"FAS13377"	9	2021	"27-06-2021"	"DELF"	60	177	"Field"
"M_10"	"M_10"	"delf_2021_10"	"DELF_2021_R1"	"FAS13377"	10	2021	"29-06-2021"	"DELF"	60	179	"Field"
"M_11"	"M_11"	"delf_2021_11"	"DELF_2021_R1"	"FAS13377"	11	2021	"01-07-2021"	"DELF"	60	181	"Field"
"M_12"	"M_12"	"delf_2021_12"	"DELF_2021_R1"	"FAS13377"	12	2021	"04-07-2021"	"DELF"	60	184	"Field"
"M_13"	"M_13"	"delf_2021_13"	"DELF_2021_R1"	"FAS13377"	13	2021	"06-07-2021"	"DELF"	60	186	"Field"
"M_14"	"M_14"	"delf_2021_14"	"DELF_2021_R1"	"FAS13377"	14	2021	"08-07-2021"	"DELF"	60	188	"Field"
"M_15"	"M_15"	"delf_2021_15"	"DELF_2021_R1"	"FAS13377"	15	2021	"11-07-2021"	"DELF"	60	191	"Field"
"M_16"	"M_16"	"delf_2021_16"	"DELF_2021_R1"	"FAS13377"	16	2021	"13-07-2021"	"DELF"	60	193	"Field"
"L_11"	"L_11"	"delf_2021_17"	"DELF_2021_R2"	"FAS06669"	11	2021	"18-07-2021"	"DELF"	60	198	"Field"
"L_12"	"L_12"	"delf_2021_18"	"DELF_2021_R2"	"FAS06669"	12	2021	"20-07-2021"	"DELF"	60	200	"Field"
"L_13"	"L_13"	"delf_2021_19"	"DELF_2021_R2"	"FAS06669"	13	2021	"22-07-2021"	"DELF"	60	202	"Field"
"L_14"	"L_14"	"delf_2021_20"	"DELF_2021_R2"	"FAS06669"	14	2021	"25-07-2021"	"DELF"	60	205	"Field"
"L_15"	"L_15"	"delf_2021_21"	"DELF_2021_R2"	"FAS06669"	15	2021	"27-07-2021"	"DELF"	60	207	"Field"
"L_16"	"L_16"	"delf_2021_22"	"DELF_2021_R2"	"FAS06669"	16	2021	"29-07-2021"	"DELF"	60	209	"Field"
"L_17"	"L_17"	"delf_2021_23"	"DELF_2021_R2"	"FAS06669"	17	2021	"01-08-2021"	"DELF"	60	212	"Field"
"L_18"	"L_18"	"delf_2021_24"	"DELF_2021_R2"	"FAS06669"	18	2021	"03-08-2021"	"DELF"	60	214	"Field"
"L_19"	"L_19"	"delf_2021_25"	"DELF_2021_R2"	"FAS06669"	19	2021	"10-08-2021"	"DELF"	60	221	"Field"
"L_20"	"L_20"	"delf_2021_26"	"DELF_2021_R2"	"FAS06669"	20	2021	"12-08-2021"	"DELF"	60	223	"Field"
"L_21"	"L_21"	"delf_2021_27"	"DELF_2021_R2"	"FAS06669"	21	2021	"15-08-2021"	"DELF"	60	226	"Field"
"L_22"	"L_22"	"delf_2021_28"	"DELF_2021_R2"	"FAS06669"	22	2021	"17-08-2021"	"DELF"	60	228	"Field"
"L_23"	"L_23"	"delf_2021_29"	"DELF_2021_R2"	"FAS06669"	23	2021	"19-08-2021"	"DELF"	60	230	"Field"
"L_24"	"L_24"	"NA"	"NA"	"NA"	24	"NA"	"NA"	"NA"	"NA"	"NA"	"Buffer"
"K_01"	"K_1"	"diec_2021_1"	"DIEC_2021_R1"		1	2021	"03-06-2021"	"DIEC"	21	153	"Field"
"K_02"	"K_2"	"diec_2021_2"	"DIEC_2021_R1"		2	2021	"06-06-2021"	"DIEC"	21	156	"Field"
"K_03"	"K_3"	"diec_2021_3"	"DIEC_2021_R1"		3	2021	"08-06-2021"	"DIEC"	21	158	"Field"
"K_04"	"K_4"	"diec_2021_4"	"DIEC_2021_R1"		4	2021	"10-06-2021"	"DIEC"	21	160	"Field"
"K_05"	"K_5"	"diec_2021_5"	"DIEC_2021_R1"		5	2021	"13-06-2021"	"DIEC"	21	163	"Field"
"K_06"	"K_6"	"diec_2021_6"	"DIEC_2021_R1"		6	2021	"15-06-2021"	"DIEC"	21	165	"Field"
"K_07"	"K_7"	"diec_2021_7"	"DIEC_2021_R1"		7	2021	"17-06-2021"	"DIEC"	21	167	"Field"
"K_08"	"K_8"	"diec_2021_8"	"DIEC_2021_R1"		8	2021	"22-06-2021"	"DIEC"	21	172	"Field"
"K_09"	"K_9"	"diec_2021_9"	"DIEC_2021_R1"		9	2021	"24-06-2021"	"DIEC"	21	174	"Field"
"K_10"	"K_10"	"diec_2021_10"	"DIEC_2021_R1"		10	2021	"27-06-2021"	"DIEC"	21	177	"Field"
"K_11"	"K_11"	"diec_2021_11"	"DIEC_2021_R1"		11	2021	"29-06-2021"	"DIEC"	21	179	"Field"
"K_12"	"K_12"	"diec_2021_12"	"DIEC_2021_R1"		12	2021	"01-07-2021"	"DIEC"	21	181	"Field"
"K_13"	"K_13"	"diec_2021_13"	"DIEC_2021_R1"		13	2021	"04-07-2021"	"DIEC"	21	184	"Field"
"K_14"	"K_14"	"diec_2021_14"	"DIEC_2021_R1"		14	2021	"06-07-2021"	"DIEC"	21	186	"Field"
"K_15"	"K_15"	"diec_2021_15"	"DIEC_2021_R1"		15	2021	"08-07-2021"	"DIEC"	21	188	"Field"
"K_16"	"K_16"	"diec_2021_16"	"DIEC_2021_R1"		16	2021	"11-07-2021"	"DIEC"	21	191	"Field"
"J_01"	"J_1"	"diec_2021_17"	"DIEC_2021_R2"		1	2021	"13-07-2021"	"DIEC"	21	193	"Field"
"J_02"	"J_2"	"diec_2021_18"	"DIEC_2021_R2"		2	2021	"15-07-2021"	"DIEC"	21	195	"Field"
"J_03"	"J_3"	"diec_2021_19"	"DIEC_2021_R2"		3	2021	"20-07-2021"	"DIEC"	21	200	"Field"
"J_04"	"J_4"	"diec_2021_20"	"DIEC_2021_R2"		4	2021	"22-07-2021"	"DIEC"	21	202	"Field"
"J_05"	"J_5"	"diec_2021_21"	"DIEC_2021_R2"		5	2021	"25-07-2021"	"DIEC"	21	205	"Field"
"J_06"	"J_6"	"diec_2021_22"	"DIEC_2021_R2"		6	2021	"27-07-2021"	"DIEC"	21	207	"Field"
"J_07"	"J_7"	"diec_2021_23"	"DIEC_2021_R2"		7	2021	"29-07-2021"	"DIEC"	21	209	"Field"
"J_08"	"J_8"	"diec_2021_24"	"DIEC_2021_R2"		8	2021	"01-08-2021"	"DIEC"	21	212	"Field"
"J_09"	"J_9"	"diec_2021_25"	"DIEC_2021_R2"		9	2021	"03-08-2021"	"DIEC"	21	214	"Field"
"J_10"	"J_10"	"diec_2021_26"	"DIEC_2021_R2"		10	2021	"05-08-2021"	"DIEC"	21	216	"Field"
"J_11"	"J_11"	"diec_2021_27"	"DIEC_2021_R2"		11	2021	"08-08-2021"	"DIEC"	21	219	"Field"
"J_12"	"J_12"	"diec_2021_28"	"DIEC_2021_R2"		12	2021	"10-08-2021"	"DIEC"	21	221	"Field"
"J_13"	"J_13"	"diec_2021_29"	"DIEC_2021_R2"		13	2021	"12-08-2021"	"DIEC"	21	223	"Field"
"J_14"	"J_14"	"diec_2021_30"	"DIEC_2021_R2"		14	2021	"17-08-2021"	"DIEC"	21	228	"Field"
"G_01"	"G_1"	"sorj_2021_1"	"SORJ_2021_R1"	"FAT48267"	1	2021	"03-06-2021"	"SORJ"	65	153	"Field"
"G_02"	"G_2"	"sorj_2021_2"	"SORJ_2021_R1"	"FAT48267"	2	2021	"06-06-2021"	"SORJ"	65	156	"Field"
"G_03"	"G_3"	"sorj_2021_3"	"SORJ_2021_R1"	"FAT48267"	3	2021	"08-06-2021"	"SORJ"	65	158	"Field"
"G_04"	"G_4"	"sorj_2021_4"	"SORJ_2021_R1"	"FAT48267"	4	2021	"10-06-2021"	"SORJ"	65	160	"Field"
"G_05"	"G_5"	"sorj_2021_5"	"SORJ_2021_R1"	"FAT48267"	5	2021	"13-06-2021"	"SORJ"	65	163	"Field"
"G_06"	"G_6"	"sorj_2021_6"	"SORJ_2021_R1"	"FAT48267"	6	2021	"17-06-2021"	"SORJ"	65	167	"Field"
"G_07"	"G_7"	"sorj_2021_7"	"SORJ_2021_R1"	"FAT48267"	7	2021	"20-06-2021"	"SORJ"	65	170	"Field"
"G_08"	"G_8"	"sorj_2021_8"	"SORJ_2021_R1"	"FAT48267"	8	2021	"22-06-2021"	"SORJ"	65	172	"Field"
"G_09"	"G_9"	"sorj_2021_9"	"SORJ_2021_R1"	"FAT48267"	9	2021	"24-06-2021"	"SORJ"	65	174	"Field"
"G_10"	"G_10"	"sorj_2021_10"	"SORJ_2021_R1"	"FAT48267"	10	2021	"27-06-2021"	"SORJ"	65	177	"Field"
"G_11"	"G_11"	"sorj_2021_11"	"SORJ_2021_R1"	"FAT48267"	11	2021	"29-06-2021"	"SORJ"	65	179	"Field"
"G_12"	"G_12"	"sorj_2021_12"	"SORJ_2021_R1"	"FAT48267"	12	2021	"01-07-2021"	"SORJ"	65	181	"Field"
"F_01"	"F_1"	"sorj_2021_13"	"SORJ_2021_R2"		1	2021	"04-07-2021"	"SORJ"	65	184	"Field"
"F_02"	"F_2"	"sorj_2021_14"	"SORJ_2021_R2"		2	2021	"06-07-2021"	"SORJ"	65	186	"Field"
"F_03"	"F_3"	"sorj_2021_15"	"SORJ_2021_R2"		3	2021	"08-07-2021"	"SORJ"	65	188	"Field"
"F_04"	"F_4"	"sorj_2021_16"	"SORJ_2021_R2"		4	2021	"11-07-2021"	"SORJ"	65	191	"Field"
"F_05"	"F_5"	"sorj_2021_17"	"SORJ_2021_R2"		5	2021	"13-07-2021"	"SORJ"	65	193	"Field"
"F_06"	"F_6"	"sorj_2021_18"	"SORJ_2021_R2"		6	2021	"15-07-2021"	"SORJ"	65	195	"Field"
"F_07"	"F_7"	"sorj_2021_19"	"SORJ_2021_R2"		7	2021	"18-07-2021"	"SORJ"	65	198	"Field"
"F_08"	"F_8"	"sorj_2021_20"	"SORJ_2021_R2"		8	2021	"20-07-2021"	"SORJ"	65	200	"Field"
"F_09"	"F_9"	"sorj_2021_21"	"SORJ_2021_R2"		9	2021	"22-07-2021"	"SORJ"	65	202	"Field"
"F_10"	"F_10"	"sorj_2021_22"	"SORJ_2021_R2"		10	2021	"25-07-2021"	"SORJ"	65	205	"Field"
"F_11"	"F_11"	"sorj_2021_23"	"SORJ_2021_R2"		11	2021	"27-07-2021"	"SORJ"	65	207	"Field"
"F_12"	"F_12"	"sorj_2021_24"	"SORJ_2021_R2"		12	2021	"29-07-2021"	"SORJ"	65	209	"Field"
"F_13"	"F_13"	"sorj_2021_25"	"SORJ_2021_R2"		13	2021	"01-08-2021"	"SORJ"	65	212	"Field"
"F_14"	"F_14"	"sorj_2021_26"	"SORJ_2021_R2"		14	2021	"03-08-2021"	"SORJ"	65	214	"Field"
"F_15"	"F_15"	"sorj_2021_33"	"SORJ_2021_R2"		15	2021	"19-08-2021"	"SORJ"	65	230	"Field"
"F_16"	"F_16"	"NA"	"NA"	"NA"	16	"NA"	"NA"	"NA"	"NA"	"NA"	"Buffer"
"B_11"	"B_11"	"vanw_2021_1"	"VANW_2021_R1"	"FAS13280"	11	2021	"03-06-2021"	"VANW"	24	153	"Field"
"B_12"	"B_12"	"vanw_2021_2"	"VANW_2021_R1"	"FAS13280"	12	2021	"06-06-2021"	"VANW"	24	156	"Field"
"B_13"	"B_13"	"vanw_2021_3"	"VANW_2021_R1"	"FAS13280"	13	2021	"08-06-2021"	"VANW"	24	158	"Field"
"B_14"	"B_14"	"vanw_2021_4"	"VANW_2021_R1"	"FAS13280"	14	2021	"10-06-2021"	"VANW"	24	160	"Field"
"B_15"	"B_15"	"vanw_2021_5"	"VANW_2021_R1"	"FAS13280"	15	2021	"13-06-2021"	"VANW"	24	163	"Field"
"B_16"	"B_16"	"vanw_2021_6"	"VANW_2021_R1"	"FAS13280"	16	2021	"15-06-2021"	"VANW"	24	165	"Field"
"B_17"	"B_17"	"vanw_2021_7"	"VANW_2021_R1"	"FAS13280"	17	2021	"17-06-2021"	"VANW"	24	167	"Field"
"B_18"	"B_18"	"vanw_2021_8"	"VANW_2021_R1"	"FAS13280"	18	2021	"20-06-2021"	"VANW"	24	170	"Field"
"B_19"	"B_19"	"vanw_2021_9"	"VANW_2021_R1"	"FAS13280"	19	2021	"22-06-2021"	"VANW"	24	172	"Field"
"B_20"	"B_20"	"vanw_2021_10"	"VANW_2021_R1"	"FAS13280"	20	2021	"24-06-2021"	"VANW"	24	174	"Field"
"B_21"	"B_21"	"vanw_2021_11"	"VANW_2021_R1"	"FAS13280"	21	2021	"27-06-2021"	"VANW"	24	177	"Field"
"B_22"	"B_22"	"vanw_2021_12"	"VANW_2021_R1"	"FAS13280"	22	2021	"29-06-2021"	"VANW"	24	179	"Field"
"B_23"	"B_23"	"vanw_2021_13"	"VANW_2021_R1"	"FAS13280"	23	2021	"01-07-2021"	"VANW"	24	181	"Field"
"B_24"	"B_24"	"vanw_2021_14"	"VANW_2021_R1"	"FAS13280"	24	2021	"04-07-2021"	"VANW"	24	184	"Field"
"A_11"	"A_11"	"vanw_2021_15"	"VANW_2021_R2"	"FAS13269"	11	2021	"08-07-2021"	"VANW"	24	188	"Field"
"A_12"	"A_12"	"vanw_2021_16"	"VANW_2021_R2"	"FAS13269"	12	2021	"11-07-2021"	"VANW"	24	191	"Field"
"A_13"	"A_13"	"vanw_2021_17"	"VANW_2021_R2"	"FAS13269"	13	2021	"15-07-2021"	"VANW"	24	195	"Field"
"A_14"	"A_14"	"vanw_2021_18"	"VANW_2021_R2"	"FAS13269"	14	2021	"18-07-2021"	"VANW"	24	198	"Field"
"A_15"	"A_15"	"vanw_2021_19"	"VANW_2021_R2"	"FAS13269"	15	2021	"20-07-2021"	"VANW"	24	200	"Field"
"A_16"	"A_16"	"vanw_2021_20"	"VANW_2021_R2"	"FAS13269"	16	2021	"22-07-2021"	"VANW"	24	202	"Field"
"A_17"	"A_17"	"vanw_2021_21"	"VANW_2021_R2"	"FAS13269"	17	2021	"25-07-2021"	"VANW"	24	205	"Field"
"A_18"	"A_18"	"vanw_2021_22"	"VANW_2021_R2"	"FAS13269"	18	2021	"27-07-2021"	"VANW"	24	207	"Field"
"A_19"	"A_19"	"vanw_2021_23"	"VANW_2021_R2"	"FAS13269"	19	2021	"29-07-2021"	"VANW"	24	209	"Field"
"A_20"	"A_20"	"vanw_2021_24"	"VANW_2021_R2"	"FAS13269"	20	2021	"01-08-2021"	"VANW"	24	212	"Field"
"A_21"	"A_21"	"vanw_2021_25"	"VANW_2021_R2"	"FAS13269"	21	2021	"10-08-2021"	"VANW"	24	221	"Field"
"A_22"	"A_22"	"vanw_2021_26"	"VANW_2021_R2"	"FAS13269"	22	2021	"12-08-2021"	"VANW"	24	223	"Field"
"A_23"	"A_23"	"vanw_2021_27"	"VANW_2021_R2"	"FAS13269"	23	2021	"15-08-2021"	"VANW"	24	226	"Field"
"A_24"	"A_24"	"vanw_2021_28"	"VANW_2021_R2"	"FAS13269"	24	2021	"17-08-2021"	"VANW"	24	228	"Field"
"D_01"	"D_1"	"vanh_2021_1"	"VANH_2021_R1"	"FAT47863"	1	2021	"03-06-2021"	"VANH"	"N2P2"	153	"Field"
"D_02"	"D_2"	"vanh_2021_2"	"VANH_2021_R1"	"FAT47863"	2	2021	"08-06-2021"	"VANH"	"N2P2"	158	"Field"
"D_03"	"D_3"	"vanh_2021_3"	"VANH_2021_R1"	"FAT47863"	3	2021	"10-06-2021"	"VANH"	"N2P2"	160	"Field"
"D_04"	"D_4"	"vanh_2021_4"	"VANH_2021_R1"	"FAT47863"	4	2021	"13-06-2021"	"VANH"	"N2P2"	163	"Field"
"D_05"	"D_5"	"vanh_2021_5"	"VANH_2021_R1"	"FAT47863"	5	2021	"15-06-2021"	"VANH"	"N2P2"	165	"Field"
"D_06"	"D_6"	"vanh_2021_6"	"VANH_2021_R1"	"FAT47863"	6	2021	"17-06-2021"	"VANH"	"N2P2"	167	"Field"
"D_07"	"D_7"	"vanh_2021_7"	"VANH_2021_R1"	"FAT47863"	7	2021	"20-06-2021"	"VANH"	"N2P2"	170	"Field"
"D_08"	"D_8"	"vanh_2021_8"	"VANH_2021_R1"	"FAT47863"	8	2021	"22-06-2021"	"VANH"	"N2P2"	172	"Field"
"D_09"	"D_9"	"vanh_2021_9"	"VANH_2021_R1"	"FAT47863"	9	2021	"24-06-2021"	"VANH"	"N2P2"	174	"Field"
"D_10"	"D_10"	"vanh_2021_10"	"VANH_2021_R1"	"FAT47863"	10	2021	"27-06-2021"	"VANH"	"N2P2"	177	"Field"
"D_11"	"D_11"	"vanh_2021_11"	"VANH_2021_R1"	"FAT47863"	11	2021	"29-06-2021"	"VANH"	"N2P2"	179	"Field"
"D_12"	"D_12"	"vanh_2021_12"	"VANH_2021_R1"	"FAT47863"	12	2021	"01-07-2021"	"VANH"	"N2P2"	181	"Field"
"D_13"	"D_13"	"vanh_2021_13"	"VANH_2021_R1"	"FAT47863"	13	2021	"04-07-2021"	"VANH"	"N2P2"	184	"Field"
"D_14"	"D_14"	"vanh_2021_14"	"VANH_2021_R1"	"FAT47863"	14	2021	"06-07-2021"	"VANH"	"N2P2"	186	"Field"
"C_01"	"C_1"	"vanh_2021_15"	"VANH_2021_R2"	"FAT45459"	1	2021	"08-07-2021"	"VANH"	"N2P2"	188	"Field"
"C_02"	"C_2"	"vanh_2021_16"	"VANH_2021_R2"	"FAT45459"	2	2021	"11-07-2021"	"VANH"	"N2P2"	191	"Field"
"C_03"	"C_3"	"vanh_2021_17"	"VANH_2021_R2"	"FAT45459"	3	2021	"15-07-2021"	"VANH"	"N2P2"	195	"Field"
"C_04"	"C_4"	"vanh_2021_18"	"VANH_2021_R2"	"FAT45459"	4	2021	"18-07-2021"	"VANH"	"N2P2"	198	"Field"
"C_05"	"C_5"	"vanh_2021_19"	"VANH_2021_R2"	"FAT45459"	5	2021	"20-07-2021"	"VANH"	"N2P2"	200	"Field"
"C_06"	"C_6"	"vanh_2021_20"	"VANH_2021_R2"	"FAT45459"	6	2021	"22-07-2021"	"VANH"	"N2P2"	202	"Field"
"C_07"	"C_7"	"vanh_2021_21"	"VANH_2021_R2"	"FAT45459"	7	2021	"25-07-2021"	"VANH"	"N2P2"	205	"Field"
"C_08"	"C_8"	"vanh_2021_22"	"VANH_2021_R2"	"FAT45459"	8	2021	"27-07-2021"	"VANH"	"N2P2"	207	"Field"
"C_09"	"C_9"	"vanh_2021_23"	"VANH_2021_R2"	"FAT45459"	9	2021	"29-07-2021"	"VANH"	"N2P2"	209	"Field"
"C_10"	"C_10"	"vanh_2021_24"	"VANH_2021_R2"	"FAT45459"	10	2021	"01-08-2021"	"VANH"	"N2P2"	212	"Field"
"C_11"	"C_11"	"vanh_2021_25"	"VANH_2021_R2"	"FAT45459"	11	2021	"03-08-2021"	"VANH"	"N2P2"	214	"Field"
"C_12"	"C_12"	"vanh_2021_26"	"VANH_2021_R2"	"FAT45459"	12	2021	"05-08-2021"	"VANH"	"N2P2"	216	"Field"
"C_13"	"C_13"	"vanh_2021_27"	"VANH_2021_R2"	"FAT45459"	13	2021	"08-08-2021"	"VANH"	"N2P2"	219	"Field"
"C_14"	"C_14"	"vanh_2021_28"	"VANH_2021_R2"	"FAT45459"	14	2021	"10-08-2021"	"VANH"	"N2P2"	221	"Field"
"C_15"	"C_15"	"vanh_2021_29"	"VANH_2021_R2"	"FAT45459"	15	2021	"15-08-2021"	"VANH"	"N2P2"	226	"Field"
"C_16"	"C_16"	"vanh_2021_30"	"VANH_2021_R2"	"FAT45459"	16	2021	"17-08-2021"	"VANH"	"N2P2"	228	"Field"
"I_09"	"I_9"	"guej_2021_1"	"GUEJ_2021_R1"	"FAT45189"	9	2021	"01-07-2021"	"GUEJ"	205	181	"Field"
"I_10"	"I_10"	"guej_2021_2"	"GUEJ_2021_R1"	"FAT45189"	10	2021	"04-07-2021"	"GUEJ"	205	184	"Field"
"I_11"	"I_11"	"guej_2021_3"	"GUEJ_2021_R1"	"FAT45189"	11	2021	"06-07-2021"	"GUEJ"	205	186	"Field"
"I_12"	"I_12"	"guej_2021_4"	"GUEJ_2021_R1"	"FAT45189"	12	2021	"08-07-2021"	"GUEJ"	205	188	"Field"
"I_13"	"I_13"	"guej_2021_5"	"GUEJ_2021_R1"	"FAT45189"	13	2021	"18-07-2021"	"GUEJ"	205	198	"Field"
"I_14"	"I_14"	"guej_2021_6"	"GUEJ_2021_R1"	"FAT45189"	14	2021	"15-07-2021"	"GUEJ"	205	195	"Field"
"I_15"	"I_15"	"guej_2021_7"	"GUEJ_2021_R1"	"FAT45189"	15	2021	"18-07-2021"	"GUEJ"	205	198	"Field"
"I_16"	"I_16"	"guej_2021_8"	"GUEJ_2021_R1"	"FAT45189"	16	2021	"20-07-2021"	"GUEJ"	205	200	"Field"
"I_17"	"I_17"	"guej_2021_9"	"GUEJ_2021_R1"	"FAT45189"	17	2021	"03-06-2021"	"GUEJ"	205	153	"Field"
"I_18"	"I_18"	"guej_2021_10"	"GUEJ_2021_R1"	"FAT45189"	18	2021	"08-06-2021"	"GUEJ"	205	158	"Field"
"I_19"	"I_19"	"guej_2021_11"	"GUEJ_2021_R1"	"FAT45189"	19	2021	"10-06-2021"	"GUEJ"	205	160	"Field"
"I_20"	"I_20"	"guej_2021_12"	"GUEJ_2021_R1"	"FAT45189"	20	2021	"15-06-2021"	"GUEJ"	205	165	"Field"
"I_21"	"I_21"	"guej_2021_13"	"GUEJ_2021_R1"	"FAT45189"	21	2021	"20-06-2021"	"GUEJ"	205	170	"Field"
"I_22"	"I_22"	"guej_2021_14"	"GUEJ_2021_R1"	"FAT45189"	22	2021	"22-06-2021"	"GUEJ"	205	172	"Field"
"I_23"	"I_23"	"guej_2021_15"	"GUEJ_2021_R1"	"FAT45189"	23	2021	"27-06-2021"	"GUEJ"	205	177	"Field"
"I_24"	"I_24"	"guej_2021_16"	"GUEJ_2021_R1"	"FAT45189"	24	2021	"29-06-2021"	"GUEJ"	205	179	"Field"
"H_13"	"H_13"	"guej_2021_17"	"GUEJ_2021_R2"	"FAT47935"	13	2021	"22-07-2021"	"GUEJ"	205	202	"Field"
"H_14"	"H_14"	"guej_2021_18"	"GUEJ_2021_R2"	"FAT47935"	14	2021	"25-07-2021"	"GUEJ"	205	205	"Field"
"H_15"	"H_15"	"guej_2021_19"	"GUEJ_2021_R2"	"FAT47935"	15	2021	"27-07-2021"	"GUEJ"	205	207	"Field"
"H_16"	"H_16"	"guej_2021_20"	"GUEJ_2021_R2"	"FAT47935"	16	2021	"29-07-2021"	"GUEJ"	205	209	"Field"
"H_17"	"H_17"	"guej_2021_21"	"GUEJ_2021_R2"	"FAT47935"	17	2021	"03-08-2021"	"GUEJ"	205	214	"Field"
"H_18"	"H_18"	"guej_2021_22"	"GUEJ_2021_R2"	"FAT47935"	18	2021	"05-08-2021"	"GUEJ"	205	216	"Field"
"H_19"	"H_19"	"guej_2021_23"	"GUEJ_2021_R2"	"FAT47935"	19	2021	"08-08-2021"	"GUEJ"	205	219	"Field"
"H_20"	"H_20"	"guej_2021_24"	"GUEJ_2021_R2"	"FAT47935"	20	2021	"10-08-2021"	"GUEJ"	205	221	"Field"
"H_21"	"H_21"	"guej_2021_25"	"GUEJ_2021_R2"	"FAT47935"	21	2021	"12-08-2021"	"GUEJ"	205	223	"Field"
"H_22"	"H_22"	"guej_2021_26"	"GUEJ_2021_R2"	"FAT47935"	22	2021	"15-08-2021"	"GUEJ"	205	226	"Field"
"H_23"	"H_23"	"guej_2021_27"	"GUEJ_2021_R2"	"FAT47935"	23	2021	"17-08-2021"	"GUEJ"	205	228	"Field"
"H_24"	"H_24"	"guej_2021_28"	"GUEJ_2021_R2"	"FAT47935"	24	2021	"19-08-2021"	"GUEJ"	205	230	"Field"
"Z_41"	"Z_41"	"NA"	"NA"	"NA"	41	"NA"	"NA"	"NA"	"NA"	"NA"	"Buffer"
"Z_42"	"Z_42"	"NA"	"NA"	"NA"	42	"NA"	"NA"	"NA"	"NA"	"NA"	"Buffer"
"Z_43"	"Z_43"	"NA"	"NA"	"NA"	43	"NA"	"NA"	"NA"	"NA"	"NA"	"Buffer"
